date,long sleeves,culottes,miniskirt,short sleeves,printed,short cardigan,solid colours,trapeze dress,sleeveless,long cardigan,sheath dress,short coat,medium coat,doll dress,long dress,shorts,long coat,tracksuit,drop sleeve,patterned,kimono dress,medium cardigan,shirt dress,maxi,capris,gitana skirt,long duster,yellow,brown,blue,grey,green,black,red,white,orange,violet,acrylic,scuba crepe,tulle,angora,faux leather,georgette,lurex,nice,crepe,satin cotton,silky satin,fur,matte jersey,plisse,velvet,lace,cotton,piquet,plush,bengaline,jacquard,frise,technical,cady,dark jeans,light jeans,ity,plumetis,polyviscous,dainetto,webbing,foam rubber,chanel,marocain,macrame,embossed,heavy jeans,nylon,tencel,paillettes,chambree,chine crepe,muslin cotton or silk,linen,tactel,viscose twill,cloth,mohair,mutton,scottish,milano stitch,devore,hron,ottoman,fluid,flamed,fluid polyviscous,shiny jersey,goose
10/5/2015,55,41,66,58,58,22,24,43,66,74,42,44,10,73,70,38,36,30,11,75,25,0,78.6,63,37,0,24,83,66,77,18,79,25,61,77,70,56,57,18,81,65,50,25,23,20,35,61,10,54,35,26,54,70,68,33,35,13,73,80,89,29,50,63,62,20,-1,0,55,46,73,81,54,56,55,86,36,18,0,20,-1,52,33,0,82,62,45,57,0,29,17,57,80,49,-1,0,34
10/12/2015,55,44,73,71,61,31,37,21.2,63,59,52,47,29,85,72,37,33,27,33,83,40,0,75,64,32,0,14,80,66,95,18,76,26,62,77,71,57,58,0,86,63,52,31,21,18,37,37,59,58,70,38,54,68,69,23,38,27,76,76,89,26,56,66,72,30,-1,0,54,72,72,80,56,74,32,85,39,12,0,27,-1,55,48,0,82,66,43,54,0,17,14,61,80,41,-1,0,39
10/19/2015,60,42,73,62,61,43,37,27.4,47,71,37,46,29,100,79,36,39,31,55,71,39,0,68.8,66,23,0,34,83,66,92,18,76,27,62,77,67,58,59,0,81,70,52,27,19,18,43,30,29,59,52,33,53,100,68,26,38,17,86,62,81,27,59,66,63,30,-1,0,57,43,69,83,48,66,23,86,32,14,30,47,-1,54,35,48,81,63,46,55,0,21,23,63,79,52,-1,33,41
10/26/2015,57,44,68,51,55,19,37,59.8,54,64,38,43,43,96,74,36,42,31,22,73,42,17,71.8,65,23,0,43,82,67,70,17,74,28,62,76,69,52,62,17,95,70,60,32,20,17,44,24,39,63,35,33,54,73,68,30,39,13,73,76,83,33,66,53,72,30,-1,0,54,72,69,81,46,63,46,85,38,16,0,27,-1,56,29,0,84,61,44,55,0,26,14,58,76,33,-1,32,37
11/2/2015,49,39,66,39,63,16,37,44,51,67,49,46,0,59,70,34,35,32,22,71,37,34,64.2,67,21,0,34,76,66,69,17,77,32,60,77,70,56,57,0,66,66,55,33,19,18,35,55,39,63,0,36,58,66,72,27,39,10,78,78,83,32,53,56,72,25,-1,0,66,64,69,91,48,55,47,85,34,20,0,27,-1,61,33,0,85,61,46,55,0,18,18,60,80,37,-1,98,38
11/9/2015,53,39,78,46,60,40,12,49.6,54,59,52,46,39,70,72,35,39,31,44,77,36,50,69,65,26,0,14,74,64,68,17,76,34,60,76,66,54,58,0,74,63,53,28,23,17,36,24,58,64,35,19,57,67,69,27,43,33,83,75,78,29,62,71,79,25,-1,0,55,43,71,79,48,64,46,79,36,16,30,13,-1,59,43,48,82,71,47,54,0,21,20,62,80,33,-1,0,37
11/16/2015,59,45,80,58,62,22,12,38.4,49,66,46,33,29,55,75,35,43,34,22,73,57,0,69,64,26,0,29,75,67,70,17,77,37,60,79,71,51,56,0,67,61,53,27,23,18,35,36,67,68,34,37,57,67,65,33,50,16,88,71,83,28,51,71,71,25,-1,0,56,74,70,81,48,64,23,83,33,15,30,46,-1,53,45,0,84,75,44,53,0,24,18,67,79,44,-1,32,42
11/23/2015,60,45,63,38,59,25,12,23.4,58,64,61,68,43,70,74,37,53,43,44,74,48,17,68.6,72,27,0,38,74,74,70,20,90,76,60,80,71,58,57,0,62,72,70,27,28,18,38,36,39,80,35,32,60,68,70,30,55,13,95,80,71,27,70,68,72,20,-1,0,61,46,78,81,53,67,23,83,33,27,60,27,-1,57,50,0,84,83,47,56,0,22,18,68,81,30,-1,0,55
11/30/2015,67,50,80,69,67,21,24,66,66,63,47,62,28,70,79,38,50,46,33,83,27,0,75.6,73,29,0,47,72,69,71,20,74,30,61,84,70,62,59,0,79,62,55,22,41,18,36,12,19,78,17,38,67,72,77,27,71,16,85,77,81,27,86,59,70,10,-1,0,60,56,84,79,44,79,54,84,32,25,30,33,-1,56,41,0,85,77,41,57,0,22,15,68,80,55,-1,0,48
12/7/2015,64,50,68,47,60,37,37,50,56,63,59,54,38,65,72,40,44,48,33,71,34,17,77.4,70,28,0,62,74,71,72,18,72,27,62,82,71,53,61,0,74,70,54,25,33,18,34,30,78,78,52,33,67,68,77,29,62,27,88,77,76,28,64,64,62,5,-1,0,43,45,88,80,43,80,31,85,25,32,30,27,-1,54,60,48,87,73,39,56,0,22,20,62,79,37,-1,0,42
12/14/2015,60,41,66,39,61,38,12,22.4,64,53,40,61,34,77,68,37,41,46,0,70,33,34,64.6,71,28,0,59,74,74,73,18,74,28,63,85,71,56,67,0,70,74,55,26,22,19,34,50,40,80,36,33,68,70,72,27,61,10,91,71,78,25,55,68,71,26,-1,0,53,56,90,81,46,73,48,82,24,29,0,21,-1,55,62,49,83,68,36,52,0,21,13,61,74,69,-1,0,44
12/21/2015,48,42,56,27,50,17,14,30.2,57,58,30,53,48,77,57,35,46,41,37,47,28,19,62.8,75,28,0,38,77,76,72,19,76,28,65,86,69,53,64,0,58,72,45,25,24,18,35,14,55,73,59,33,68,64,66,24,57,4,83,73,59,19,65,66,73,6,-1,0,34,62,96,90,45,62,9,82,34,33,0,46,-1,53,37,55,84,82,52,51,0,21,19,56,69,59,-1,0,54
12/28/2015,49,46,74,57,50,48,41,46.8,56,65,67,51,27,62,71,36,53,33,0,72,26,19,69.2,78,23,0,38,78,71,77,21,77,29,64,83,70,55,66,20,63,80,59,22,19,18,40,27,22,73,39,36,63,75,99,21,51,11,76,77,61,25,62,70,64,39,-1,100,40,54,81,91,46,57,26,83,43,31,0,45,-1,57,39,0,86,60,53,57,41,100,24,74,73,29,-1,0,46
1/4/2016,53,45,64,69,61,20,26,40,57,62,45,48,35,70,80,35,44,29,58,74,31,18,60.8,68,26,0,35,76,67,72,19,76,26,56,77,66,53,64,0,73,77,51,28,26,18,33,26,10,69,37,47,57,85,71,28,39,14,88,73,87,100,84,54,71,27,-1,0,44,56,70,81,49,64,8,83,37,20,32,72,-1,62,40,0,84,77,39,58,0,21,13,73,74,60,-1,70,43
1/11/2016,54,44,61,71,60,20,64,46.8,66,47,61,56,60,51,80,35,48,29,35,77,37,18,62,68,25,0,30,77,68,71,18,74,25,55,77,64,52,62,0,78,60,51,30,19,18,34,37,30,62,0,32,56,77,64,28,38,3,92,62,85,35,62,50,71,36,-1,0,41,56,72,73,50,73,40,76,45,16,62,7,-1,58,53,49,81,72,44,62,0,20,16,65,78,69,-1,34,39
1/18/2016,52,43,61,63,60,19,38,31.8,64,48,62,51,40,64,86,36,47,33,23,78,42,0,67.4,71,35,0,25,76,63,72,18,77,27,56,77,63,55,67,0,74,68,47,29,16,18,41,45,61,65,73,38,57,82,63,24,39,21,87,78,84,26,66,66,69,32,-1,0,65,50,70,88,51,61,57,80,26,20,63,35,-1,62,41,0,85,81,48,62,0,17,13,67,81,35,-1,34,44
1/25/2016,51,49,64,65,63,29,26,42.6,67,61,58,58,25,53,87,37,36,34,69,74,48,35,66,67,28,0,45,75,64,67,18,71,27,59,77,63,52,63,19,79,70,50,31,21,18,51,32,83,58,37,37,59,81,67,28,37,4,83,69,85,28,64,61,69,16,-1,0,49,51,71,90,51,61,25,78,46,18,0,35,-1,60,33,51,87,63,42,62,0,15,21,73,83,31,-1,0,38
2/1/2016,49,48,51,44,62,32,26,24.6,64,59,63,41,40,62,81,38,32,29,23,73,32,0,70.4,68,30,0,35,78,69,74,18,71,28,59,82,64,48,67,0,78,74,42,33,19,18,100,63,41,56,90,39,60,76,68,27,39,3,78,68,90,25,62,60,61,26,-1,0,48,52,70,83,59,67,8,83,39,13,0,14,-1,61,49,100,82,42,43,64,0,29,16,68,81,39,-1,0,32
2/8/2016,49,46,65,65,66,29,0,54,66,54,57,34,30,55,72,39,34,34,46,85,50,0,71.8,66,36,0,10,78,65,75,18,70,28,61,79,63,47,65,0,76,62,46,36,15,19,55,45,51,56,36,34,65,79,66,29,41,28,72,70,86,25,65,62,66,21,-1,0,48,57,72,96,47,69,24,79,36,17,0,14,-1,57,33,0,86,48,40,63,0,27,24,71,80,47,-1,0,34
2/15/2016,45,41,48,70,62,54,50,49.8,67,37,59,49,30,68,81,39,32,32,45,74,48,17,67,67,37,0,49,76,64,73,18,71,27,59,78,62,58,64,0,73,58,37,28,19,19,44,31,10,57,0,28,60,78,66,30,42,10,73,61,86,22,57,65,60,67,-1,0,46,47,73,85,57,76,32,83,32,17,62,21,-1,61,26,0,82,53,39,60,38,20,22,66,81,42,-1,34,33
2/22/2016,45,55,56,47,66,38,25,43.6,68,57,60,37,10,75,80,43,24,30,34,82,52,17,77.8,70,42,0,44,80,62,73,17,73,26,58,79,59,52,66,0,84,67,43,33,17,18,40,38,20,53,36,25,55,81,71,21,37,21,75,64,88,31,45,65,80,15,-1,0,58,70,71,79,60,77,32,82,33,13,0,21,-1,65,41,0,86,51,42,57,76,18,22,71,85,50,-1,34,29
2/29/2016,44,56,61,61,63,34,62,58.4,75,40,66,35,15,59,75,46,25,32,33,75,55,17,71.4,71,40,0,53,91,64,71,18,71,27,59,78,60,56,63,17,78,59,50,32,13,18,36,42,48,48,69,33,50,78,68,28,38,7,74,71,85,26,62,56,73,30,-1,0,53,79,66,91,58,73,46,77,44,13,30,27,-1,63,27,0,87,45,44,58,0,17,11,61,83,59,-1,0,28
3/7/2016,45,56,47,77,63,29,13,42.4,78,51,72,36,49,55,80,50,23,29,23,83,59,0,72.8,71,60,0,40,84,61,71,17,76,25,58,79,63,56,63,0,82,62,43,31,13,21,36,57,40,46,54,29,49,82,70,33,36,28,83,64,93,24,51,63,61,21,-1,0,67,68,72,85,58,66,32,98,41,18,31,28,-1,69,34,0,90,51,45,65,0,26,24,66,85,35,-1,0,32
3/14/2016,43,57,65,76,66,58,13,60.2,82,40,73,32,20,54,88,50,24,32,46,85,45,0,79,75,46,0,35,81,61,69,16,73,26,56,77,63,56,64,0,77,54,37,27,15,19,36,62,20,41,18,22,59,83,69,30,36,10,76,69,83,30,81,67,57,31,-1,0,56,54,67,92,65,77,56,83,44,13,31,34,-1,68,21,0,88,44,43,65,0,22,22,62,83,34,-1,0,25
3/21/2016,46,52,62,67,63,43,26,75.2,77,51,62,22,31,50,76,50,19,34,35,86,55,18,72.6,80,46,100,57,86,60,73,17,73,26,58,79,63,56,67,0,73,59,43,27,12,19,36,39,21,44,37,43,58,79,68,28,38,4,79,66,79,24,52,64,60,37,-1,0,56,43,68,94,61,62,33,81,53,12,32,28,-1,63,24,0,82,44,57,55,39,20,18,67,83,39,-1,0,30
3/28/2016,45,58,56,74,62,39,13,54.8,77,46,60,39,20,59,72,50,21,31,46,81,56,17,78.2,76,50,0,40,83,61,77,17,74,26,58,79,63,55,64,0,82,69,42,28,14,19,35,6,41,43,55,51,53,78,69,33,38,14,91,63,86,25,56,61,70,26,-1,0,56,41,67,93,61,62,41,84,46,14,32,28,-1,67,24,0,85,42,45,58,0,19,21,67,84,35,-1,0,27
4/4/2016,48,57,55,92,65,57,63,59,81,47,77,44,25,71,79,52,24,34,34,76,52,17,75.6,83,60,0,40,82,62,76,17,75,26,60,82,61,55,66,18,82,80,44,33,19,18,36,38,91,44,54,33,56,83,70,37,36,38,75,69,79,24,67,66,57,21,-1,0,69,66,67,89,61,55,32,82,40,21,0,28,-1,72,39,0,89,45,41,60,38,29,13,72,83,46,-1,0,27
4/11/2016,43,67,62,63,68,35,0,56.6,81,45,87,38,15,54,84,53,19,27,57,85,64,0,81.2,78,51,0,60,85,62,72,17,76,26,62,77,59,52,67,0,81,61,45,33,13,20,33,44,91,43,36,49,54,83,72,32,38,24,82,59,83,29,59,71,67,26,-1,0,60,73,65,76,57,68,24,82,49,13,94,77,-1,74,39,0,87,45,47,100,38,17,14,63,85,46,-1,0,27
4/18/2016,41,74,67,78,68,67,25,82.8,79,47,67,43,25,59,75,60,18,27,0,80,53,17,80,75,77,0,35,86,63,73,17,76,26,64,82,62,53,62,0,72,59,34,38,13,20,38,57,30,42,36,43,51,80,74,32,34,35,83,69,81,25,60,85,71,31,-1,93,51,66,64,82,60,58,16,79,52,13,0,21,-1,70,30,50,86,45,45,73,0,22,22,61,86,50,-1,0,28
4/25/2016,41,61,63,66,66,51,25,77.2,83,51,78,23,10,65,73,55,20,33,34,83,54,17,79.4,76,63,0,39,85,61,72,17,78,25,60,82,62,51,71,36,88,60,29,31,16,19,37,25,61,45,36,43,52,86,73,34,36,14,77,74,81,26,54,73,67,10,-1,0,70,47,66,85,59,68,40,84,42,14,31,28,-1,70,47,0,87,49,46,61,0,24,17,62,83,42,-1,34,27
5/2/2016,45,60,60,58,66,52,39,69.6,79,44,78,19,30,58,81,60,20,30,70,89,62,0,86.6,80,67,0,25,87,63,76,17,80,26,63,87,59,53,66,19,78,62,37,28,14,20,41,39,73,42,74,44,58,85,72,35,35,18,77,65,77,24,47,68,66,37,-1,0,61,68,71,85,62,64,33,83,50,12,0,0,-1,74,37,51,89,39,45,76,0,15,20,66,80,20,-1,0,27
5/9/2016,40,65,56,57,65,74,0,49.8,87,47,61,25,15,53,74,66,18,27,11,80,67,0,86.6,80,65,0,25,86,61,71,16,74,25,59,80,62,51,62,0,78,57,33,26,12,20,37,32,61,41,0,54,53,81,72,36,38,14,60,56,84,26,50,85,68,26,-1,0,58,74,69,79,58,76,49,83,57,18,0,35,-1,77,58,0,85,39,38,58,0,24,16,62,82,39,-1,0,25
5/16/2016,43,66,45,86,64,60,25,53.4,78,51,74,20,20,58,78,58,19,28,68,82,59,17,93.4,74,51,0,49,87,62,77,17,74,25,61,84,61,55,64,0,70,57,40,25,11,22,34,44,20,39,18,46,48,79,73,40,38,42,77,67,83,23,54,54,68,37,-1,0,100,62,62,83,55,53,0,85,53,14,0,21,-1,74,39,0,89,36,46,68,39,19,8,63,79,39,-1,68,28
5/23/2016,42,63,54,78,67,62,52,59.8,88,47,47,19,10,42,68,69,19,30,23,73,59,0,86.2,79,78,0,31,85,59,71,17,77,25,62,82,62,55,66,0,71,50,32,30,16,24,36,7,52,39,56,45,47,78,74,38,40,14,81,68,80,22,64,71,72,16,-1,0,70,81,66,80,63,69,100,83,55,16,0,36,-1,79,44,0,91,40,45,60,0,18,15,69,79,44,-1,35,26
5/30/2016,37,67,55,84,63,69,26,47.2,92,60,64,30,26,52,66,77,16,29,12,82,57,18,84,77,77,0,31,85,58,76,17,77,25,61,84,65,51,66,0,70,59,32,40,15,25,38,39,42,38,0,48,47,76,76,38,43,32,72,64,76,24,54,57,67,48,-1,0,61,51,65,91,61,68,17,84,62,19,32,65,-1,80,62,52,87,29,52,55,0,27,21,62,74,36,-1,0,25
6/6/2016,39,69,64,71,65,72,39,50.6,87,55,69,25,20,43,74,77,20,24,58,85,62,18,89.2,80,73,0,36,86,61,72,16,75,27,60,82,64,51,64,0,64,59,36,32,15,23,38,84,83,39,18,57,44,78,76,36,41,28,73,61,81,24,51,71,66,27,-1,0,84,63,64,75,58,66,25,82,49,17,0,28,-1,81,55,0,83,38,47,53,0,19,16,60,78,63,-1,35,24
6/13/2016,38,65,50,61,64,75,39,74.4,81,39,68,48,10,59,64,68,17,29,46,82,57,35,84.4,78,60,0,40,84,59,71,16,81,26,62,83,79,48,65,0,78,59,33,45,8,23,38,51,31,39,55,42,45,76,73,38,41,17,74,66,79,20,46,56,74,5,-1,94,54,41,64,73,50,60,41,80,69,18,32,28,-1,76,61,0,87,43,52,55,0,30,21,56,75,59,-1,0,25
6/20/2016,39,60,46,82,64,63,13,90.4,88,60,59,28,5,51,65,73,20,32,0,76,46,18,80.8,81,61,0,31,85,60,75,16,73,27,60,80,84,48,63,0,67,52,28,37,22,21,35,33,31,38,37,43,45,76,71,34,42,21,78,64,81,26,57,74,63,32,-1,0,53,71,64,75,61,76,33,81,47,15,32,29,-1,76,53,0,93,43,52,66,40,22,25,58,75,64,-1,35,23
6/27/2016,40,62,46,74,61,46,91,34.4,81,56,62,35,10,59,60,70,18,31,12,78,77,0,79,77,56,0,15,86,61,77,16,73,27,61,82,74,47,64,0,69,58,31,44,17,20,36,58,21,38,19,49,44,76,71,39,42,14,62,57,81,18,52,58,64,37,-1,0,59,68,63,77,64,72,0,76,45,18,0,43,-1,74,46,0,89,34,51,67,0,25,13,55,72,44,-1,0,25
7/4/2016,39,58,56,70,62,39,55,84.8,83,59,46,22,16,57,63,70,15,27,37,86,72,19,77,77,54,0,22,87,63,79,16,77,28,63,86,71,51,66,0,67,55,36,41,23,22,36,48,11,39,39,74,45,76,72,32,43,34,69,60,73,25,62,59,73,45,-1,0,69,70,66,81,55,69,35,79,62,14,34,68,-1,71,52,0,89,49,63,73,0,25,26,56,76,68,-1,0,26
7/11/2016,38,58,61,47,59,48,41,70.2,78,48,54,29,27,69,63,67,20,29,12,83,40,19,76.2,72,68,0,21,91,63,75,16,77,27,61,82,62,47,64,0,70,50,37,33,10,100,35,27,75,39,19,42,43,74,70,32,41,18,73,58,75,23,42,58,55,0,-1,0,60,37,63,70,60,62,17,82,47,11,0,0,-1,69,45,0,87,34,46,65,0,27,25,58,75,49,-1,0,24
7/18/2016,40,60,60,80,61,28,28,51.2,89,35,64,31,5,58,59,76,16,23,25,80,55,38,73.4,75,67,0,38,95,64,78,16,78,27,64,83,63,48,67,0,74,50,35,74,16,37,33,20,76,37,19,43,47,77,77,27,47,30,61,60,78,17,44,71,58,22,-1,0,50,81,64,70,65,70,26,80,62,11,0,22,-1,76,53,54,91,40,47,53,0,24,22,57,77,33,-1,36,24
7/25/2016,40,63,49,66,62,42,41,93.6,83,41,59,22,5,65,66,70,20,23,25,77,75,38,83.6,77,48,0,49,94,63,80,17,77,25,62,85,63,46,68,0,66,57,38,100,15,23,34,47,32,40,0,54,47,74,72,35,44,18,70,60,81,21,54,83,50,11,-1,0,64,71,64,73,63,63,26,78,54,10,100,30,-1,74,37,0,93,39,47,54,0,24,46,62,74,62,-1,0,26
8/1/2016,43,56,68,75,61,49,28,62.6,80,39,77,24,11,52,71,66,20,26,12,88,59,38,78.2,77,49,0,44,88,58,79,16,87,25,60,82,59,49,64,0,67,62,38,45,17,21,34,48,0,40,39,46,46,78,70,35,47,48,76,54,79,22,44,82,50,28,-1,0,62,92,66,74,56,64,26,77,33,11,0,45,-1,83,49,0,89,34,45,54,0,24,39,58,74,33,-1,37,28
8/8/2016,41,64,56,44,59,32,43,50,67,41,62,16,11,57,65,62,15,29,64,88,43,39,84,68,46,0,6,82,57,73,15,80,24,60,78,58,46,62,0,67,53,32,36,13,20,36,56,67,37,60,29,47,77,68,26,40,31,76,65,81,22,44,56,48,40,-1,0,67,65,65,68,56,56,0,73,37,13,35,46,-1,74,36,55,89,47,47,54,0,21,48,52,71,26,-1,38,25
8/15/2016,41,55,41,80,61,44,29,65.2,68,45,47,26,11,65,60,59,18,28,52,86,42,0,76.6,68,43,0,34,83,57,76,15,74,24,57,76,55,47,63,0,69,60,37,33,22,20,35,72,35,38,41,49,45,74,67,24,43,44,66,60,79,22,56,52,56,12,-1,0,55,71,64,72,59,64,56,77,33,8,0,16,-1,72,47,0,86,44,45,53,0,97,37,56,71,49,-1,0,26
8/22/2016,42,64,55,52,61,21,28,69.4,69,45,57,25,27,55,67,57,23,26,50,78,51,19,77,70,41,0,49,83,58,71,16,74,25,59,79,58,56,63,0,63,56,37,29,17,20,34,48,66,42,20,44,45,77,68,25,42,26,74,64,85,22,73,76,65,6,-1,0,55,75,62,65,61,68,44,78,36,8,0,8,-1,66,37,0,87,40,48,54,0,35,24,55,76,42,-1,0,28
8/29/2016,51,48,66,60,63,44,13,48,68,55,61,31,16,57,72,54,23,29,73,78,59,0,87.6,73,38,0,32,88,84,74,16,75,25,61,80,60,53,66,0,70,55,47,32,16,20,34,60,32,44,57,35,51,74,73,29,44,44,69,68,87,24,59,73,90,44,-1,0,63,72,65,67,61,63,34,78,41,11,0,44,-1,64,41,0,86,43,48,57,41,27,19,63,78,45,-1,0,29
9/5/2016,53,61,62,84,61,17,13,64.2,68,57,66,38,10,69,78,55,23,32,24,71,46,0,89.8,72,40,0,53,86,64,75,17,79,27,61,80,61,56,61,0,71,56,41,26,17,19,33,53,32,48,38,38,66,89,74,27,42,40,78,79,81,21,69,58,56,22,-1,0,56,60,62,64,57,54,17,81,51,12,33,37,-1,64,20,0,89,47,57,58,0,34,40,66,81,37,-1,0,30
9/12/2016,56,58,49,53,62,50,40,56,67,63,51,39,36,59,78,50,28,31,48,75,53,18,87.6,66,39,0,42,81,67,74,19,78,25,61,79,62,52,61,0,85,59,40,36,23,21,34,39,63,50,56,53,59,78,72,25,39,36,74,84,82,22,60,85,68,27,-1,0,72,56,63,64,49,59,76,78,55,12,32,36,-1,59,38,52,85,55,87,56,0,20,30,62,83,32,-1,0,30
9/19/2016,60,62,45,44,66,39,13,32,72,55,50,40,20,66,75,45,29,31,47,80,41,0,87.8,64,45,0,61,83,66,74,18,76,26,62,79,60,58,60,0,69,67,41,33,19,21,38,33,73,52,19,36,60,82,71,31,39,54,81,83,83,27,57,92,76,16,-1,0,64,54,66,72,54,56,42,79,50,12,0,36,-1,64,47,0,88,62,58,55,40,25,21,62,85,100,-1,35,31
9/26/2016,67,59,55,64,63,33,26,76.4,62,100,60,53,20,62,84,42,31,36,35,80,59,18,89.2,66,36,0,41,80,61,72,17,75,25,63,77,61,55,59,0,77,68,44,32,21,20,34,32,62,55,37,45,59,79,72,26,40,42,79,78,83,29,69,70,66,11,-1,0,61,51,65,69,60,63,25,77,35,18,0,28,-1,61,31,0,86,61,45,55,0,24,26,63,81,75,-1,0,32
10/3/2016,71,50,49,54,62,33,13,50.6,72,77,56,43,20,76,93,40,41,40,35,70,65,0,88.2,65,30,0,76,80,61,84,16,78,26,61,77,58,57,63,18,84,57,53,34,22,19,36,19,41,59,0,44,65,79,73,29,38,28,77,72,76,27,82,85,64,16,-1,0,50,57,67,70,49,63,57,76,32,16,32,28,-1,58,35,0,84,68,38,54,0,24,18,60,81,39,-1,0,37
10/10/2016,74,36,49,53,64,30,13,43.6,66,90,60,71,15,79,97,39,42,38,47,94,36,0,92,68,28,0,56,80,63,80,17,78,25,61,76,59,58,63,0,83,67,58,35,30,20,38,20,21,63,37,51,66,81,72,30,42,29,78,68,76,23,73,68,68,16,-1,0,58,54,66,70,53,59,0,80,47,10,32,43,-1,58,20,0,86,62,52,56,0,26,28,66,85,44,-1,35,41
10/17/2016,75,48,53,77,64,36,39,39,59,71,34,57,15,79,85,40,39,39,58,82,55,0,86.6,71,34,0,55,80,64,81,17,78,25,63,78,57,56,65,37,90,59,56,35,28,20,41,70,41,61,36,34,66,80,72,29,40,35,74,57,78,25,72,96,98,16,-1,0,59,29,66,70,52,66,24,82,37,19,0,28,-1,59,30,0,90,63,49,52,0,22,18,67,84,27,-1,0,39
10/24/2016,70,49,50,63,64,16,26,37.8,58,76,54,66,20,98,82,41,43,41,23,70,34,18,88.4,68,26,0,96,78,65,69,16,77,28,59,80,57,60,63,0,100,64,66,28,20,20,44,26,31,66,18,49,66,79,71,23,42,32,71,75,78,32,66,65,80,42,-1,0,47,62,63,89,60,57,41,76,35,16,32,28,-1,58,48,0,88,73,53,58,39,20,10,70,86,51,-1,0,40
10/31/2016,60,51,39,44,61,33,26,42.4,59,77,44,44,30,63,77,36,48,43,58,69,36,0,73.8,66,23,0,61,76,62,69,16,74,29,59,78,56,57,63,0,77,67,53,29,30,19,41,19,42,67,37,43,67,75,78,25,43,32,75,75,77,27,74,68,81,43,-1,0,49,78,66,84,47,67,67,82,35,19,32,22,-1,59,57,0,87,79,46,55,0,19,13,73,83,60,-1,0,41
11/7/2016,69,56,65,79,69,29,25,28.6,61,63,53,50,44,68,87,36,53,40,79,83,33,0,76,64,23,0,54,74,57,67,16,75,33,57,82,55,57,63,0,69,63,49,26,26,18,38,31,20,73,0,34,65,72,77,26,46,48,80,60,74,32,59,87,71,46,-1,0,60,37,65,76,51,58,63,79,37,18,61,20,-1,60,61,0,81,77,41,56,38,26,17,67,77,23,-1,100,42
11/14/2016,70,54,41,42,67,42,26,34.2,58,55,52,78,30,46,91,37,49,54,46,91,32,18,78.6,69,23,0,61,74,61,74,17,76,39,58,82,59,55,65,18,77,66,58,25,29,18,36,38,61,76,18,44,70,76,77,29,53,41,78,70,78,25,80,83,88,31,-1,0,58,47,70,68,53,57,40,83,45,19,31,21,-1,62,47,0,92,73,43,56,38,20,25,69,82,65,-1,0,46
11/21/2016,79,39,54,47,66,16,0,48.6,73,84,56,94,65,61,87,39,67,59,23,100,50,35,80.8,72,30,0,75,74,69,74,18,86,86,58,81,60,57,63,18,76,64,75,32,36,19,37,31,40,87,36,47,79,80,80,30,61,38,88,69,69,23,84,73,71,41,-1,0,60,63,74,78,52,86,64,82,41,20,31,21,-1,59,44,49,90,76,44,56,38,35,16,68,75,38,-1,0,57
11/28/2016,85,46,57,53,71,25,12,52.2,70,83,82,85,39,82,88,40,62,58,44,91,51,17,83.4,68,23,0,82,72,61,76,20,74,31,60,79,58,56,68,0,74,73,67,29,33,19,34,49,39,90,0,63,78,80,84,22,72,40,85,63,78,21,77,77,74,20,-1,0,56,50,75,75,57,88,31,84,44,29,30,20,-1,60,41,0,89,68,48,60,0,27,14,71,80,33,-1,0,49
12/5/2016,84,52,47,62,72,45,12,26,63,90,53,65,84,74,85,40,64,57,21,82,44,33,86.4,67,26,0,52,73,63,75,18,75,27,60,86,57,58,69,17,67,82,63,26,33,19,34,24,48,90,0,42,84,76,84,22,71,56,90,69,79,24,77,77,76,34,-1,0,52,58,79,72,51,83,38,81,41,26,0,20,-1,58,57,0,88,74,42,53,0,19,18,71,84,44,-1,0,51
12/12/2016,76,48,53,56,68,28,12,43,63,81,47,88,34,58,76,40,65,56,34,79,47,51,80.6,65,22,0,64,71,62,76,18,77,26,57,84,58,59,71,18,64,69,64,31,38,20,35,18,49,90,17,52,89,73,75,26,70,27,89,66,73,22,51,81,71,30,-1,0,43,76,83,69,51,72,16,80,33,28,30,13,-1,54,69,0,87,64,44,57,37,20,15,64,78,37,-1,0,55
12/19/2016,65,47,41,43,60,17,26,36.4,58,46,44,83,36,53,70,37,54,49,47,63,26,36,66.6,69,24,0,36,74,65,79,16,80,27,60,86,58,54,78,0,64,65,55,31,26,20,34,39,21,80,0,44,100,69,71,23,64,43,67,68,68,20,55,64,70,43,-1,0,40,32,85,76,51,55,42,78,37,28,32,43,-1,50,51,0,81,77,49,53,0,12,17,56,78,48,-1,35,58
12/26/2016,61,47,54,52,54,47,13,14.6,62,66,59,64,47,67,74,39,53,51,12,68,32,18,76.8,71,22,0,47,74,62,80,18,72,28,57,85,60,58,72,0,62,73,61,34,19,19,36,33,75,84,19,48,83,79,80,21,54,48,78,76,59,17,97,61,78,39,-1,0,41,58,80,79,50,68,9,75,58,32,99,44,-1,58,50,0,84,70,55,54,0,27,20,77,67,74,-1,0,55
1/2/2017,59,48,44,59,62,58,51,44.8,60,65,62,67,30,58,73,36,56,38,46,94,34,18,65.2,71,32,0,45,74,72,79,19,76,26,57,80,60,55,69,0,63,72,55,28,28,18,34,12,20,71,71,47,61,75,85,21,44,14,80,71,78,19,73,74,91,46,-1,91,41,70,69,73,50,60,40,81,41,17,31,48,-1,64,28,0,86,64,50,61,0,27,22,78,76,38,-1,0,45
1/9/2017,54,35,43,38,63,49,24,26,51,53,52,64,42,53,86,35,51,39,11,61,32,0,69.6,67,26,0,52,75,68,78,17,84,25,56,79,58,58,66,0,71,61,53,28,22,18,35,35,57,67,0,36,61,78,72,33,39,61,79,69,87,27,61,59,83,24,-1,0,59,51,63,62,56,77,60,78,55,15,29,19,-1,63,44,0,81,62,45,58,0,36,9,76,81,32,-1,32,42
1/16/2017,53,56,52,87,66,24,47,31.6,60,75,58,46,32,56,83,38,42,42,32,88,37,0,68.6,67,37,0,56,77,64,81,18,87,26,55,86,60,59,69,17,73,65,56,28,20,18,38,47,38,62,17,45,60,78,69,32,41,19,81,69,81,27,60,83,79,29,-1,0,58,53,63,75,58,79,23,78,42,16,0,32,-1,61,54,0,81,59,52,61,36,34,13,74,79,72,-1,0,40
1/23/2017,54,45,46,61,62,27,48,26,68,65,65,50,66,52,82,39,39,38,43,81,38,16,75.8,68,33,0,42,77,66,78,19,83,25,56,83,56,51,69,0,72,74,41,29,22,18,47,30,9,61,51,40,62,79,70,24,43,29,74,72,86,24,54,76,72,44,-1,0,57,64,65,75,58,59,38,78,49,18,0,52,-1,62,66,0,82,63,55,69,0,27,24,76,84,43,-1,0,37
1/30/2017,55,44,42,52,67,44,47,39.6,57,49,63,45,32,74,83,39,36,35,42,71,40,0,75,68,31,0,46,78,62,75,21,90,25,57,79,58,55,69,0,80,68,41,27,26,20,95,77,38,59,0,54,69,80,73,35,41,33,74,69,83,25,70,83,79,24,-1,0,45,71,66,76,51,72,23,78,42,15,29,26,-1,66,47,0,84,59,50,63,36,24,20,76,83,36,-1,32,34
2/6/2017,50,49,49,47,67,29,0,31,60,49,59,57,27,58,82,39,33,35,31,86,34,0,76,66,35,0,41,80,61,73,27,76,26,58,81,57,58,65,17,79,65,44,31,25,19,54,35,37,56,50,51,73,78,72,34,40,13,68,67,82,21,65,75,95,38,-1,86,50,44,70,71,52,77,22,79,45,15,0,32,-1,61,46,46,81,65,49,61,35,29,18,71,83,68,-1,0,34
2/13/2017,48,57,53,59,64,38,47,46.8,54,46,73,33,14,48,74,42,34,34,63,85,38,16,74,65,30,0,55,78,60,72,27,75,25,58,80,54,64,63,17,72,57,41,31,25,19,43,40,28,55,17,38,66,77,72,31,40,25,59,64,77,23,66,67,84,24,-1,0,53,54,65,67,57,63,22,78,46,15,0,45,-1,64,55,0,85,63,51,60,0,24,15,73,85,49,-1,0,34
2/20/2017,48,55,38,58,64,45,24,57,63,56,89,48,18,59,78,44,26,36,42,86,40,16,74,73,45,0,32,79,62,74,23,76,26,57,79,56,70,71,0,72,56,48,30,27,19,43,41,56,53,33,52,57,81,79,28,41,16,69,62,85,21,50,78,63,29,-1,0,53,85,64,73,58,71,45,81,48,12,0,6,-1,65,36,46,83,56,54,63,0,35,24,75,84,53,-1,63,33
2/27/2017,53,52,40,76,69,41,23,23.2,68,60,73,45,23,53,80,47,27,36,10,80,41,16,76.8,72,42,0,96,80,63,75,20,76,26,60,82,57,67,69,0,80,50,40,32,21,18,52,46,46,52,65,58,56,81,75,30,38,19,76,70,89,32,55,81,89,33,-1,84,65,64,63,70,65,62,58,76,46,13,0,57,-1,67,21,0,81,43,45,64,0,26,24,71,87,56,-1,0,32
3/6/2017,50,52,37,68,72,32,34,42.4,67,54,66,42,45,50,85,48,29,33,41,82,38,31,84.6,74,47,0,76,80,59,73,19,73,24,56,80,58,57,71,0,75,52,44,27,20,21,37,34,9,53,80,39,56,79,74,31,38,34,74,70,82,29,64,78,90,51,-1,0,66,59,68,68,61,72,36,75,40,16,0,43,-1,67,52,44,85,45,51,65,34,26,18,84,85,41,-1,30,30
3/13/2017,47,56,50,46,67,23,57,41.6,65,56,74,37,40,46,75,49,27,32,92,89,46,0,77,71,47,0,67,77,58,73,18,77,23,55,78,55,60,69,16,82,47,42,23,24,19,36,34,27,48,32,43,56,77,74,25,39,18,70,61,82,22,61,86,76,14,-1,0,68,65,69,70,65,69,36,75,43,14,0,31,-1,68,46,44,82,54,51,72,0,29,27,80,86,48,-1,30,33
3/20/2017,49,53,47,65,69,33,0,52.8,78,58,52,36,14,40,78,50,29,34,11,73,46,16,78.8,74,43,0,55,82,61,75,18,76,24,64,81,58,63,70,0,84,57,40,28,23,19,38,52,28,46,66,56,53,75,76,35,36,54,61,66,83,22,63,63,78,33,-1,0,47,63,64,69,61,78,37,81,45,14,0,19,-1,72,41,0,88,54,51,58,0,26,29,69,84,57,-1,0,30
3/27/2017,46,57,63,57,69,42,36,33.4,72,51,82,24,33,60,77,54,24,34,54,83,59,0,80.4,73,54,0,37,85,60,74,17,74,25,58,80,55,63,71,17,74,56,37,28,22,19,37,41,28,44,17,52,53,79,76,39,40,32,67,67,85,30,57,77,79,34,-1,0,54,46,66,62,64,59,38,77,60,15,0,45,-1,73,44,47,85,40,48,64,0,21,27,71,89,54,-1,0,28
4/3/2017,48,54,36,74,71,48,83,54.2,74,41,91,43,32,56,78,54,24,33,53,71,52,32,88.8,77,59,0,74,85,57,79,17,75,24,59,81,55,61,71,0,76,56,44,30,23,19,34,35,56,42,33,54,53,79,78,26,43,57,65,56,81,22,54,75,92,43,-1,0,57,67,64,69,69,77,52,80,57,14,0,45,-1,75,45,0,85,44,52,59,0,16,18,66,86,53,-1,31,26
4/10/2017,48,67,51,80,68,53,37,39.6,78,55,78,35,33,54,78,61,23,32,33,91,52,33,92,82,62,0,48,88,60,81,17,76,25,61,84,56,63,71,0,81,54,38,31,19,19,37,12,58,44,17,66,53,78,78,33,42,33,71,60,79,23,84,78,83,45,-1,0,64,74,64,69,68,65,15,77,57,19,0,20,-1,76,31,0,88,40,59,59,0,21,15,65,87,66,-1,0,28
4/17/2017,47,61,44,60,67,63,35,77.6,83,56,74,34,32,55,69,57,18,31,53,76,52,32,80,79,65,0,32,84,61,79,17,78,24,58,82,56,63,71,51,76,62,36,27,27,18,36,47,47,43,85,44,54,86,77,33,40,36,76,57,79,25,53,75,70,10,-1,0,62,64,64,69,65,69,15,78,58,11,0,26,-1,77,69,0,88,54,56,70,36,26,31,66,89,54,-1,32,29
4/24/2017,45,64,47,56,71,66,71,56.4,78,60,95,32,46,63,78,58,24,33,32,78,61,16,89.4,76,59,0,83,85,59,79,18,75,25,58,81,58,60,74,34,86,58,36,32,20,19,36,47,28,42,50,66,51,84,77,43,40,48,61,65,80,23,51,74,75,10,-1,0,60,65,64,70,67,55,37,80,61,10,0,26,-1,77,49,46,84,38,50,64,35,29,22,68,86,75,-1,0,25
5/1/2017,47,56,45,71,70,75,35,59.6,80,58,81,28,42,54,82,59,24,36,53,85,61,16,91,77,61,0,37,85,61,80,17,80,25,58,86,57,60,72,0,78,52,35,27,21,21,42,35,28,44,34,56,51,81,79,35,41,42,60,64,78,24,59,75,83,10,-1,0,71,51,64,72,65,60,45,82,77,17,29,39,-1,81,50,0,83,45,49,66,0,32,19,64,83,32,-1,0,28
5/8/2017,47,66,44,65,69,57,95,66.6,78,41,79,38,28,55,75,60,22,28,64,71,70,0,83.6,78,61,0,42,86,60,81,17,76,27,57,85,56,55,71,17,80,54,31,30,28,19,40,35,28,41,82,59,49,75,77,36,38,35,75,59,80,21,63,86,77,29,-1,0,48,58,65,70,69,79,22,77,60,13,0,38,-1,75,45,0,84,46,52,58,70,27,17,67,84,39,-1,0,26
5/15/2017,43,69,48,80,67,63,38,50.8,76,43,57,31,15,56,70,70,17,34,56,82,65,0,85.8,76,76,0,34,87,57,87,17,78,25,58,81,56,53,71,0,77,48,34,27,25,19,35,31,70,45,35,63,49,76,79,37,39,48,75,68,79,24,46,56,87,26,-1,0,63,51,63,72,68,66,32,73,69,14,0,41,-1,76,51,0,84,36,49,61,0,24,19,60,81,23,-1,0,25
5/22/2017,41,89,47,68,66,100,25,62.6,74,56,60,32,45,56,72,76,20,29,11,76,72,0,90,81,59,0,55,82,57,81,16,76,24,57,83,53,51,72,37,70,53,36,33,19,18,35,38,51,40,18,70,50,77,79,36,38,63,59,57,79,21,64,72,70,16,-1,0,56,50,60,64,72,67,41,79,72,10,31,28,-1,82,63,0,86,40,52,67,77,21,6,62,82,50,-1,0,25
5/29/2017,43,83,56,72,60,65,77,45,87,41,66,22,30,53,75,82,18,29,57,80,58,0,87.2,83,70,0,40,85,58,79,16,75,24,59,82,57,50,69,18,65,52,36,29,21,18,36,50,20,39,18,67,48,75,80,34,38,21,60,67,77,26,65,74,76,15,-1,0,70,65,60,80,63,64,48,80,66,14,31,48,-1,83,42,49,85,37,56,61,0,24,20,64,79,42,-1,34,27
6/5/2017,45,71,51,74,61,79,0,56,85,58,69,27,10,48,71,75,23,31,45,84,82,17,90,78,82,0,49,84,57,77,15,76,26,58,80,63,61,74,0,68,58,32,30,24,18,36,25,10,40,18,51,48,78,79,39,39,54,64,64,78,19,58,62,74,5,-1,0,56,65,62,65,66,52,47,78,61,17,0,34,-1,79,40,0,85,46,55,73,0,18,12,63,82,38,-1,33,25
6/12/2017,44,70,33,60,64,41,63,53,90,41,59,19,15,55,71,82,17,31,68,76,71,0,89.4,80,66,0,44,88,59,77,15,76,27,57,81,71,65,76,0,65,57,25,32,17,19,36,43,50,39,35,66,49,72,82,40,38,24,65,61,78,25,55,78,76,36,-1,0,64,72,63,70,65,64,0,77,67,12,31,55,-1,84,40,0,90,42,60,57,0,31,23,68,82,53,-1,0,25
6/19/2017,42,87,37,75,63,40,12,76.6,92,27,78,26,10,60,72,90,14,27,77,73,69,17,91.8,88,78,0,33,88,60,76,15,75,25,58,83,62,60,73,0,65,51,28,31,16,19,35,30,10,40,17,72,47,72,80,30,42,56,65,54,78,21,60,66,63,15,-1,0,49,43,64,72,70,69,23,75,64,15,0,33,-1,90,53,0,88,35,63,55,0,36,14,56,81,41,-1,0,24
6/26/2017,42,77,52,57,62,65,77,56.6,76,41,50,23,30,53,67,77,17,31,23,89,66,0,81,81,70,0,40,89,66,81,16,75,25,63,86,64,58,76,0,65,58,26,33,19,20,37,51,31,43,55,75,51,73,79,46,43,42,80,60,79,18,61,68,84,37,-1,0,56,67,63,71,65,77,25,80,80,18,64,49,-1,82,52,51,94,36,59,58,0,23,18,56,81,55,-1,34,25
7/3/2017,42,87,52,79,66,55,52,56.6,90,39,66,25,51,52,65,79,18,31,46,68,59,0,82.8,79,68,0,45,88,63,79,16,78,25,59,82,59,57,74,19,62,57,33,33,28,20,38,13,31,40,55,73,54,72,80,32,44,63,66,55,74,21,60,55,71,37,-1,0,72,63,62,74,74,68,8,74,75,11,64,21,-1,85,39,51,87,37,57,57,0,36,32,65,80,59,-1,0,26
7/10/2017,47,85,43,69,65,52,26,53,87,36,65,28,60,55,70,80,19,32,23,73,53,0,91.4,81,69,0,60,88,61,82,16,79,26,59,85,57,59,79,18,76,52,36,26,24,22,40,63,61,43,36,58,68,75,77,31,43,45,59,54,78,23,45,72,75,10,-1,93,62,59,59,66,64,74,65,77,59,21,0,21,-1,83,47,50,90,48,48,76,0,33,21,64,83,54,-1,34,27
7/17/2017,44,78,100,77,68,55,64,49.4,84,51,90,25,25,49,71,74,17,30,35,84,55,0,81,82,63,0,65,89,60,82,16,75,25,58,84,57,57,83,0,71,53,30,27,19,21,37,63,40,41,18,65,59,73,76,27,42,55,65,59,81,22,42,60,86,21,-1,92,48,78,59,70,79,66,24,76,66,19,0,14,-1,81,49,0,90,40,52,70,0,27,16,64,86,54,-1,0,25
7/24/2017,45,84,52,65,66,51,100,41.6,84,42,67,31,24,57,68,68,18,32,34,91,47,0,83.6,79,56,0,20,91,59,83,17,80,25,60,84,61,63,81,0,70,51,32,31,14,21,40,44,40,44,36,67,63,75,77,35,43,38,73,59,81,25,71,70,83,21,-1,0,65,47,59,72,65,73,32,75,47,16,93,55,-1,81,34,0,87,44,53,57,0,37,6,83,81,38,-1,0,26
7/31/2017,49,72,39,45,68,43,24,32.6,73,62,68,26,38,40,65,66,23,38,11,80,49,0,85.2,71,54,0,28,92,60,85,17,79,25,61,86,58,58,80,35,66,52,42,31,28,21,37,12,39,44,17,56,59,77,76,30,45,47,70,61,79,15,81,85,66,10,-1,0,65,64,60,70,79,60,23,77,71,11,0,27,-1,85,37,0,89,41,50,61,37,28,22,69,81,26,-1,0,27
8/7/2017,54,64,43,67,62,31,48,34.8,67,62,85,26,9,61,73,64,23,37,87,82,53,17,80.2,72,58,0,33,93,59,80,17,76,25,58,85,56,58,77,17,70,50,42,35,24,20,40,48,19,44,86,61,56,76,73,34,46,46,64,57,81,18,66,70,84,10,-1,0,70,67,62,64,72,60,8,75,64,14,0,26,-1,79,33,0,84,46,46,61,36,28,20,79,82,40,-1,32,27
8/14/2017,52,60,57,54,65,63,12,28.2,62,58,62,38,19,50,81,60,24,38,67,82,66,0,83.6,72,52,0,49,94,60,81,17,75,25,59,92,53,62,72,35,66,47,46,31,22,21,38,18,39,44,18,66,55,74,75,33,44,50,58,56,81,25,65,76,67,10,-1,0,69,53,60,62,75,65,31,79,46,15,0,27,-1,74,60,0,86,38,54,61,0,24,29,73,82,67,-1,33,27
8/21/2017,54,92,49,59,62,56,37,61,67,60,74,34,19,68,69,56,23,38,66,71,50,0,78.6,71,53,0,53,93,60,82,17,73,25,60,84,56,62,70,0,68,47,40,31,21,21,36,42,29,44,0,56,51,75,75,27,42,33,57,56,85,23,69,76,77,45,-1,0,52,70,65,62,63,57,23,82,56,12,0,27,-1,70,39,0,86,42,55,60,37,23,17,63,81,81,-1,0,27
8/28/2017,55,54,37,73,66,49,24,32.4,60,66,75,40,19,45,71,55,31,39,44,72,54,0,85,71,48,0,57,95,60,83,16,77,24,59,83,59,59,71,0,72,54,43,28,25,19,38,24,39,50,52,54,56,73,75,42,40,33,69,62,81,26,52,67,78,20,-1,0,57,73,69,61,65,67,31,74,61,11,0,34,-1,70,41,48,88,48,65,62,37,24,23,70,84,26,-1,0,31
9/4/2017,63,48,40,70,62,49,24,18.8,70,72,68,47,14,50,80,51,34,43,33,75,43,33,84.4,71,44,0,57,93,59,82,16,77,24,60,80,59,60,68,52,66,53,45,27,32,19,37,54,48,49,0,52,55,69,74,29,42,50,67,71,83,20,82,88,74,25,-1,0,64,56,71,61,71,70,23,80,72,17,30,33,-1,69,45,0,86,65,80,62,0,25,20,75,83,55,-1,0,33
9/11/2017,65,52,37,55,67,42,24,24,68,73,64,50,5,43,82,46,43,48,32,79,50,0,87.8,67,35,0,51,91,60,81,17,83,24,62,80,60,61,68,17,70,52,48,29,33,19,35,42,29,55,51,51,57,71,76,30,43,52,73,78,84,26,72,62,71,24,-1,0,56,64,70,66,67,64,15,77,57,12,0,26,-1,70,36,0,86,72,57,59,0,29,22,65,83,44,-1,0,34
9/18/2017,68,51,48,48,63,49,24,21.6,68,86,82,57,23,55,93,45,39,43,43,76,50,16,87,68,41,0,56,92,62,73,17,78,25,59,80,58,59,71,34,70,56,49,26,25,18,40,30,28,57,17,49,63,75,81,30,41,49,71,74,84,28,66,70,80,29,-1,87,61,42,67,64,61,79,45,75,54,13,0,13,-1,68,50,0,85,58,49,60,0,29,25,69,85,40,-1,0,35
9/25/2017,67,53,58,66,68,42,72,34.6,65,80,61,68,28,57,89,45,39,47,43,84,56,49,86.6,65,34,0,38,98,59,77,17,79,24,62,80,57,57,69,0,78,57,51,29,24,18,36,24,66,60,34,48,63,72,80,29,40,49,87,68,79,22,66,73,73,15,-1,0,61,55,66,66,67,56,23,75,50,12,88,26,-1,66,52,0,87,63,53,60,0,26,12,72,87,33,-1,32,34
10/2/2017,74,51,35,69,61,21,24,47.6,69,79,64,58,42,72,90,43,43,49,54,76,36,33,95.2,69,35,0,75,91,61,75,17,72,24,61,79,56,60,67,17,83,66,57,31,16,19,36,52,65,60,100,50,59,74,75,37,39,42,74,78,75,27,79,94,88,29,-1,0,52,68,66,63,65,70,22,74,51,17,0,6,-1,66,58,0,85,70,51,60,35,23,25,67,84,57,-1,0,42
10/9/2017,77,54,35,60,67,54,24,34.8,67,77,63,50,42,55,93,44,50,52,74,96,36,32,100,69,31,0,69,94,65,76,18,79,25,62,82,59,57,75,17,80,62,54,33,29,18,38,94,57,66,34,46,62,79,81,34,42,19,72,74,84,25,74,71,79,10,-1,0,72,55,67,63,66,76,91,79,48,16,0,26,-1,68,42,0,88,60,52,61,0,18,10,71,87,65,-1,0,38
10/16/2017,81,54,41,53,67,42,71,41.6,65,91,58,61,51,91,97,42,46,56,53,86,57,0,95.6,69,34,0,23,93,65,72,18,78,26,58,78,57,59,73,0,87,69,67,26,30,19,40,65,66,63,0,49,64,74,73,24,43,58,84,73,75,25,88,82,89,15,-1,0,58,58,64,66,60,61,53,77,49,16,59,20,-1,68,52,0,90,82,55,60,0,19,16,70,88,33,-1,0,35
10/23/2017,82,49,49,68,65,47,0,29.2,68,86,58,66,41,82,93,40,54,58,10,77,37,48,88.2,69,30,0,87,91,64,74,17,78,26,59,81,59,61,75,34,96,60,63,23,29,19,41,52,56,70,33,60,67,74,78,30,43,57,76,64,80,30,66,73,82,10,-1,0,60,59,65,60,67,69,59,77,51,16,0,6,-1,67,53,0,85,65,51,61,0,23,9,76,87,67,-1,31,38
10/30/2017,76,50,45,42,64,27,59,26.4,58,88,50,77,32,53,82,36,55,55,42,78,40,16,76.2,71,26,0,93,87,74,73,17,73,28,56,78,55,60,74,34,78,63,62,31,35,18,46,23,37,74,17,54,68,72,81,24,42,51,84,71,78,26,73,73,82,14,-1,0,47,66,69,69,60,68,22,74,47,18,87,51,-1,62,50,0,88,67,54,59,0,21,16,65,85,39,-1,0,41
11/6/2017,80,51,47,50,68,44,0,37.6,64,85,65,84,59,62,95,36,71,64,41,79,39,31,82,69,30,0,90,86,71,75,19,79,33,57,84,58,58,71,33,64,64,59,30,37,18,39,57,46,82,33,51,75,75,82,31,48,38,80,73,81,32,75,69,64,28,-1,0,72,77,68,70,62,80,73,78,51,18,28,57,-1,70,84,0,91,77,55,59,0,24,20,76,88,59,-1,31,52
11/13/2017,79,59,41,68,70,32,23,55.2,62,84,65,80,76,59,92,37,75,68,51,93,45,16,74.2,70,28,0,72,86,73,74,18,78,41,58,80,58,61,77,33,69,58,71,38,45,18,38,34,46,88,16,42,80,74,83,35,53,34,85,78,81,31,80,80,69,33,-1,0,44,66,71,68,62,85,7,79,52,24,0,57,-1,70,50,45,93,96,46,60,35,17,17,78,86,45,-1,0,53
11/20/2017,88,68,27,57,65,44,58,22.8,67,84,56,75,50,62,89,40,77,82,52,86,45,16,76.6,73,30,0,90,84,81,71,21,86,90,58,82,58,58,71,33,72,65,75,31,48,17,39,51,46,90,0,66,96,74,84,25,63,78,100,81,70,26,84,98,68,61,-1,0,57,70,82,71,59,80,36,78,55,28,28,19,-1,67,54,0,95,78,50,62,0,36,14,75,81,66,-1,0,63
11/27/2017,91,50,40,42,71,37,80,17.8,65,81,55,71,63,69,100,38,72,82,51,77,44,78,82,74,28,0,58,82,68,74,21,75,30,59,83,56,67,76,0,89,65,81,35,46,18,37,23,73,100,16,50,82,76,90,27,62,65,80,70,81,24,85,88,71,23,-1,0,68,85,84,62,60,88,29,84,54,26,28,56,-1,70,62,0,88,94,47,64,0,42,30,74,83,24,-1,0,57
12/4/2017,92,48,36,75,71,27,0,27.8,63,92,59,73,41,63,95,41,74,83,21,68,41,32,80,73,22,0,46,81,66,74,19,73,26,59,84,58,59,77,33,73,73,66,39,58,17,37,46,46,95,66,38,81,74,92,25,72,57,88,66,81,27,78,76,75,19,-1,0,67,54,83,62,57,100,44,81,43,33,0,19,-1,68,51,0,93,70,45,60,35,26,25,70,87,60,-1,0,56
12/11/2017,91,55,34,53,70,55,46,30.8,62,86,63,100,54,60,88,40,80,79,83,71,30,0,83.6,72,26,88,50,80,66,75,18,75,25,59,85,56,60,80,16,72,67,67,39,48,18,38,45,100,99,16,48,78,68,84,20,69,40,85,75,75,27,80,91,68,93,-1,0,48,51,84,58,57,78,29,80,52,33,0,31,-1,64,77,0,91,84,50,67,34,25,17,68,88,31,-1,0,59
12/18/2017,74,47,36,60,63,43,24,12.8,60,67,35,58,53,64,76,38,62,73,33,63,41,100,67.2,75,27,0,72,81,67,72,17,75,25,60,84,57,53,88,17,62,62,59,38,51,18,35,18,66,88,34,46,77,67,79,24,72,58,79,65,68,26,65,81,77,34,-1,0,44,78,85,65,58,85,8,71,39,35,29,13,-1,56,62,0,86,73,54,61,0,17,21,60,79,22,-1,0,61
12/25/2017,72,50,53,62,55,52,26,38.8,61,73,45,76,40,66,79,37,75,80,35,67,44,35,76,80,31,0,76,81,67,79,19,77,28,59,88,57,59,81,18,60,79,68,38,35,17,41,32,20,98,18,79,83,73,100,23,56,31,85,70,55,21,77,78,67,21,-1,0,33,59,83,80,57,82,33,73,38,21,0,28,-1,65,48,0,85,75,61,57,77,22,21,83,79,35,-1,34,71
1/1/2018,68,45,50,61,58,43,24,27.6,63,76,44,77,47,57,86,38,82,58,54,73,52,17,67.4,77,30,0,100,82,63,77,19,74,29,56,80,57,61,79,17,66,66,58,37,34,18,42,36,57,84,0,41,69,72,78,21,49,16,69,70,75,22,71,80,78,10,-1,0,41,73,70,68,65,76,53,72,63,22,29,52,-1,69,46,0,82,66,60,61,0,22,13,86,87,29,-1,0,61
1/8/2018,61,51,39,77,66,28,22,22.8,56,46,46,72,66,51,86,38,56,53,40,77,35,0,66.2,70,26,0,71,81,67,76,19,72,28,56,80,58,100,79,32,76,66,59,32,32,18,38,51,27,74,64,63,66,75,79,22,44,37,73,66,85,22,77,69,68,23,-1,0,56,61,66,69,62,70,22,75,74,14,0,43,-1,63,76,0,85,67,52,62,0,19,14,83,90,65,-1,0,48
1/15/2018,63,48,41,64,64,43,22,9.2,57,66,57,72,35,51,87,37,54,52,71,80,59,0,67.2,71,27,0,62,84,67,77,18,73,27,55,81,57,74,76,32,71,60,52,35,18,18,42,33,35,69,16,56,64,73,77,29,47,51,77,71,82,20,63,77,88,54,-1,0,53,62,66,77,64,61,28,79,53,14,27,55,-1,66,64,43,83,79,59,66,0,24,24,80,85,34,-1,59,46
1/22/2018,62,52,37,59,67,40,34,25.6,61,59,61,51,66,44,84,39,44,51,40,85,51,0,72.8,70,30,0,40,83,66,75,19,72,26,56,80,56,69,73,16,75,63,48,31,26,18,48,33,62,62,31,45,61,71,78,28,42,21,77,74,82,27,79,81,64,18,-1,0,46,55,65,73,60,64,49,73,49,13,27,48,-1,71,67,43,83,77,51,72,0,16,24,78,85,50,-1,29,40
1/29/2018,58,47,40,62,67,34,11,19,63,61,60,50,17,57,75,39,47,51,10,75,52,0,72.8,72,39,0,79,85,61,94,20,71,27,59,80,56,68,71,0,76,52,48,39,27,18,100,38,26,59,31,39,75,72,73,30,42,45,68,72,83,21,75,71,78,27,-1,0,53,74,65,65,66,58,42,73,54,14,27,36,-1,69,73,43,86,61,51,67,0,24,26,79,88,57,-1,29,38
2/5/2018,60,55,34,60,65,39,45,32.8,62,59,64,55,22,50,82,40,47,45,40,85,62,15,70.4,70,36,0,66,84,58,75,24,72,27,57,79,55,64,75,0,66,56,54,37,32,17,66,33,53,62,31,29,70,72,76,20,44,27,80,63,84,21,76,64,81,32,-1,0,67,70,65,67,66,79,91,77,57,17,27,36,-1,69,45,0,90,71,49,61,100,28,18,76,89,37,-1,29,39
2/12/2018,58,52,35,69,63,26,11,17,63,51,61,54,27,48,76,41,38,50,51,69,51,0,69.2,66,40,0,40,84,61,76,24,70,33,61,100,56,67,76,0,71,56,43,51,28,19,58,28,45,55,32,42,69,69,75,26,45,49,67,100,81,33,67,64,68,23,-1,0,62,61,68,71,62,67,22,70,57,15,28,31,-1,67,52,0,91,68,51,63,0,26,17,76,92,41,-1,0,37
2/19/2018,56,44,40,75,67,48,45,12.8,70,54,69,37,26,58,84,48,32,49,40,73,56,0,77.4,72,46,0,52,84,61,78,21,71,37,58,83,54,69,77,32,76,60,45,30,27,19,46,55,36,53,32,45,62,72,79,29,43,46,79,69,84,27,84,84,78,9,-1,0,80,62,64,70,75,72,43,74,56,17,55,49,-1,72,60,0,93,60,56,62,0,21,20,75,87,44,-1,0,34
2/26/2018,56,47,34,62,66,47,22,20.8,64,47,55,46,51,49,81,47,43,51,69,77,52,0,72.6,69,44,0,39,85,60,75,18,71,29,63,81,54,70,75,31,78,60,46,31,32,19,44,54,9,56,47,45,59,75,77,27,42,39,64,61,79,29,52,54,77,40,-1,0,60,57,64,70,75,78,35,72,52,16,0,42,-1,70,50,0,84,63,53,67,33,23,12,78,89,53,-1,0,36
3/5/2018,59,52,33,63,63,42,33,22.6,65,56,56,51,48,47,80,47,36,48,30,75,49,15,83.2,73,47,0,48,89,61,78,18,74,28,61,79,55,69,78,0,73,56,45,31,35,20,41,22,26,53,15,55,58,73,80,31,41,53,67,69,83,24,65,89,62,49,-1,0,74,67,70,63,65,62,48,74,48,15,27,30,-1,75,44,0,86,48,58,65,0,29,20,77,90,60,-1,0,33
3/12/2018,55,56,36,69,72,36,55,18.8,64,51,65,43,9,49,81,47,33,48,20,73,39,15,76.8,72,35,0,74,83,62,77,17,78,27,59,78,54,65,76,48,79,46,38,34,29,19,41,66,9,48,16,66,55,73,80,30,41,54,73,70,80,22,93,80,87,23,-1,0,58,49,65,60,70,64,21,76,57,15,27,36,-1,75,71,43,88,54,53,63,33,19,21,74,89,23,-1,0,32
3/19/2018,57,65,37,85,68,62,56,18.6,73,37,85,47,44,58,86,50,32,51,70,90,62,0,78.8,78,45,0,48,87,61,76,17,74,26,57,84,56,70,77,16,73,55,43,31,29,19,40,66,62,51,32,61,59,74,82,38,43,39,88,64,80,26,70,87,62,32,-1,0,64,62,66,67,67,70,42,74,53,14,27,43,-1,77,53,44,86,58,51,63,34,30,24,73,88,51,-1,30,32
3/26/2018,57,59,50,67,69,41,23,24.2,73,63,60,37,27,54,82,53,29,49,21,77,66,48,79.8,81,55,0,55,88,68,82,17,75,26,58,83,56,72,90,0,71,51,45,35,30,18,42,68,9,46,16,52,61,75,81,31,45,47,57,72,72,21,77,74,69,47,-1,0,57,66,66,65,72,76,44,76,70,16,28,44,-1,78,43,0,93,53,63,62,0,24,22,69,87,45,-1,0,33
4/2/2018,55,52,47,75,69,32,34,26.8,68,64,63,26,18,49,83,52,33,47,20,76,85,16,86.8,78,46,0,45,89,63,79,17,74,25,59,84,53,81,82,16,71,50,36,32,36,20,40,68,9,45,32,62,63,75,82,34,42,40,69,68,74,20,75,93,87,33,-1,0,58,45,64,69,74,65,44,76,62,13,0,25,-1,80,62,0,89,41,64,60,0,12,19,75,90,45,-1,0,33
4/9/2018,54,66,37,73,70,34,34,29.8,78,54,69,28,9,56,83,57,29,45,40,74,63,15,82,73,50,0,48,90,60,79,17,75,25,60,79,53,76,82,48,81,47,48,36,24,21,37,22,18,44,16,69,59,75,82,39,47,70,56,68,76,25,68,79,95,18,-1,0,65,77,61,73,75,69,28,76,74,14,0,30,-1,83,41,0,91,41,55,60,0,18,17,73,92,37,-1,30,32
4/16/2018,49,74,27,77,74,59,34,16,75,50,64,60,35,37,90,65,26,39,60,81,73,15,86.4,79,52,0,57,92,64,83,17,76,25,58,82,55,70,82,0,72,45,35,30,28,19,38,39,36,42,32,59,54,75,84,39,44,61,65,63,79,26,69,67,78,18,-1,0,68,52,64,61,70,57,28,75,78,13,0,37,-1,86,73,0,93,39,53,71,0,22,20,76,93,54,-1,0,29
4/23/2018,53,70,35,74,71,68,0,35.6,81,73,68,42,26,47,81,64,26,42,81,82,81,77,91.6,81,69,0,26,92,61,79,18,75,25,59,83,55,65,79,0,73,49,38,44,29,20,38,82,35,39,78,80,59,72,81,31,42,75,55,61,74,20,77,79,84,18,-1,0,62,68,62,66,72,71,14,74,82,16,0,30,-1,86,43,0,86,42,52,64,33,21,18,74,87,50,-1,0,30
4/30/2018,51,75,50,67,70,67,11,27.6,83,55,92,30,18,48,84,72,24,42,21,77,66,0,92.6,82,100,0,45,96,62,82,18,76,27,63,85,56,61,81,16,75,46,39,75,23,20,42,39,27,39,0,71,54,72,86,36,40,52,68,57,77,26,72,85,79,23,-1,0,72,53,65,68,76,71,43,75,65,14,0,68,-1,90,59,0,90,52,57,67,34,15,24,72,90,65,-1,30,29
5/7/2018,46,76,44,92,68,68,22,23.8,85,58,79,32,18,61,79,85,20,36,50,77,81,0,97,82,82,0,62,95,60,82,17,74,27,61,84,54,61,81,0,71,48,35,43,28,21,43,56,80,39,0,73,50,72,85,38,39,64,68,57,77,19,63,74,92,23,-1,0,77,69,67,64,72,71,21,79,72,17,28,49,-1,99,57,0,93,46,59,62,0,16,21,69,92,44,-1,0,26
5/14/2018,48,79,38,69,63,48,56,29.8,91,51,73,26,22,43,80,77,21,35,30,77,64,46,95.4,79,73,0,57,91,57,82,16,77,26,57,81,59,63,79,65,66,43,31,54,28,21,39,45,54,39,32,83,51,74,82,33,38,55,66,61,79,27,64,76,74,23,-1,0,83,42,63,57,70,60,36,79,74,18,55,19,-1,85,53,0,87,42,60,61,0,27,24,68,87,45,-1,60,27
5/21/2018,49,97,52,97,66,66,68,35.8,90,51,90,41,40,52,86,82,21,36,51,84,92,0,98.8,89,75,0,58,94,60,79,16,77,25,60,83,56,63,84,49,67,54,35,55,36,19,42,28,0,39,32,78,48,73,82,30,40,43,67,58,78,26,65,76,75,28,-1,0,56,55,63,70,82,60,29,74,76,17,28,50,-1,91,71,0,90,46,61,59,0,29,11,67,86,41,-1,30,27
5/28/2018,52,95,55,87,66,73,23,29,100,47,100,31,13,54,80,95,23,39,51,86,100,0,97.4,100,80,0,41,98,58,79,16,79,25,59,84,57,56,81,16,74,51,36,45,42,20,38,40,27,41,32,74,49,72,90,30,44,47,71,64,77,23,53,73,81,14,-1,0,66,64,62,66,84,65,22,73,85,19,28,100,-1,90,52,0,92,52,61,55,34,24,26,67,83,42,-1,0,30
6/4/2018,48,78,48,82,68,86,45,37.6,89,46,61,40,13,50,72,89,22,43,40,74,71,0,91.8,100,68,0,53,95,56,78,15,74,24,58,83,56,55,81,32,70,42,33,48,31,20,37,33,36,41,32,69,48,70,86,35,41,58,66,60,75,25,55,58,64,32,-1,82,76,62,64,65,78,62,36,77,79,15,0,25,-1,93,62,0,89,42,60,56,0,19,15,65,87,58,-1,0,27
6/11/2018,47,84,36,87,67,55,32,42.6,87,41,83,20,17,58,71,83,21,42,39,70,71,15,84.8,81,74,0,64,96,61,79,16,73,25,59,84,55,59,81,0,71,46,30,40,30,19,38,59,51,40,15,64,48,69,83,48,41,20,70,60,72,23,69,78,73,22,-1,0,58,64,65,75,68,64,61,72,76,15,0,47,-1,87,64,0,88,35,65,58,0,23,24,58,82,39,-1,29,27
6/18/2018,48,82,39,70,62,65,44,19,86,49,84,38,22,48,69,79,19,40,40,78,91,0,81.8,85,64,84,35,94,59,77,15,70,23,57,78,53,60,82,16,63,53,29,33,27,19,37,39,18,39,16,64,48,69,83,30,41,42,63,52,74,18,46,56,65,27,-1,0,66,70,61,67,71,59,14,71,67,14,0,24,-1,87,66,0,87,51,65,56,0,19,20,59,80,41,-1,0,25
6/25/2018,48,100,38,82,61,57,22,38.6,86,33,71,27,22,37,69,90,20,30,81,74,71,0,90.6,83,74,0,53,95,57,82,15,71,23,60,80,53,61,79,48,64,50,28,33,30,19,37,39,18,38,32,74,50,69,91,39,40,42,65,55,74,19,56,63,70,23,-1,0,55,56,60,63,66,56,49,71,94,16,27,12,-1,93,47,0,90,34,60,53,0,24,21,64,84,51,-1,30,26
7/2/2018,48,91,43,77,63,57,22,28.4,94,37,80,17,13,51,67,100,19,29,30,73,58,0,88,85,69,0,35,99,58,81,15,73,23,60,82,52,61,80,32,61,44,32,37,27,19,36,50,80,39,0,78,54,66,84,42,41,43,62,46,72,15,55,76,83,18,-1,0,55,56,62,61,84,55,36,75,77,17,0,37,-1,99,40,44,89,30,65,56,0,26,24,57,78,44,-1,0,27
7/9/2018,47,88,49,92,65,65,45,32.8,82,38,73,27,26,56,74,93,19,31,40,83,84,30,93.8,79,66,0,26,99,58,82,16,72,24,57,82,54,63,86,32,63,48,34,35,33,20,38,67,9,38,63,87,55,68,82,33,45,36,65,51,76,21,57,65,62,18,-1,0,71,62,62,61,77,69,7,73,74,19,27,31,-1,98,43,0,93,39,61,74,0,22,28,64,85,61,-1,30,26
7/16/2018,50,88,43,48,69,49,11,29,88,47,69,29,27,46,71,91,23,34,10,75,68,31,88.2,84,63,0,63,100,60,85,16,76,24,57,82,53,61,92,16,65,55,41,36,33,21,40,57,55,41,0,59,52,71,80,33,44,31,57,51,77,22,52,62,72,19,-1,0,56,64,63,59,75,65,22,77,71,13,28,44,-1,92,39,0,93,49,69,73,0,22,26,67,85,28,-1,31,30
7/23/2018,52,91,49,70,72,73,46,35.8,86,31,67,29,23,53,69,90,21,37,93,83,80,0,93.6,81,50,0,54,94,61,84,16,78,24,59,88,58,58,88,48,58,46,36,34,30,19,38,56,72,41,48,77,53,69,81,29,42,55,66,50,76,19,66,63,77,9,-1,0,67,61,60,59,90,70,36,76,76,15,0,31,-1,93,46,44,86,49,58,61,0,20,17,61,83,38,-1,30,32
7/30/2018,53,81,40,78,100,42,11,39.6,84,38,81,27,22,47,66,84,21,37,20,82,56,15,93,77,59,0,57,95,58,86,16,77,26,60,86,63,60,86,65,64,54,39,38,34,20,39,39,18,41,16,89,56,70,83,31,50,61,57,59,80,20,59,62,75,23,-1,0,75,56,58,61,88,65,43,80,89,18,0,31,-1,95,53,0,95,52,65,63,34,27,16,68,85,34,-1,0,31
8/6/2018,55,69,31,72,78,59,11,30.6,78,50,80,38,52,61,69,82,25,37,30,93,78,15,92.4,78,59,0,48,94,58,86,16,74,26,63,86,58,58,84,32,65,51,39,37,33,20,38,44,26,42,47,83,63,71,82,27,46,57,57,53,77,19,63,72,67,32,-1,0,71,76,61,55,92,62,42,75,75,15,0,18,-1,95,54,87,91,48,64,62,0,31,40,72,83,37,-1,0,31
8/13/2018,55,76,37,70,73,59,56,35.6,76,52,52,42,17,54,71,70,27,44,10,71,55,15,86.2,73,52,0,52,95,57,85,15,76,25,61,82,52,55,86,48,61,54,36,31,31,20,39,22,71,43,16,57,58,67,79,31,44,67,62,58,81,19,57,73,75,41,-1,0,76,47,64,58,80,56,35,72,62,12,55,30,-1,82,62,0,95,51,61,62,0,17,36,68,81,44,-1,0,30
8/20/2018,54,58,32,56,67,49,11,41.8,72,58,62,35,45,47,67,63,30,44,31,92,50,0,81.4,71,46,0,45,96,60,85,16,77,25,60,82,53,62,81,33,63,48,43,31,36,20,38,51,36,45,32,73,57,65,77,28,42,62,62,58,80,25,74,62,66,19,-1,0,56,44,64,58,85,58,58,75,70,14,0,12,-1,78,54,0,92,55,92,63,0,28,26,69,83,38,-1,61,33
8/27/2018,57,56,37,71,73,45,45,21.6,68,52,64,34,39,46,64,56,28,49,100,88,66,0,79.2,70,38,0,52,92,58,80,15,73,24,57,82,53,57,80,32,65,60,46,37,30,20,41,100,62,46,48,75,55,65,80,36,44,82,75,71,85,24,65,75,78,5,-1,0,66,75,63,62,81,69,14,74,67,13,0,12,-1,69,72,0,90,69,75,65,0,24,29,71,85,37,-1,30,35
9/3/2018,60,56,31,84,68,45,33,15.8,63,64,62,45,13,46,69,54,35,46,30,81,75,0,82,70,49,0,48,90,73,79,15,73,24,58,78,54,54,78,78,73,52,43,38,37,19,38,38,26,46,46,59,54,63,78,35,41,50,57,73,78,20,71,81,69,18,-1,79,65,50,62,59,75,74,48,71,63,18,0,12,-1,74,46,0,88,62,69,62,0,22,31,70,81,33,-1,87,34
9/10/2018,68,46,38,61,65,44,66,10.8,59,78,75,47,34,57,81,46,40,51,39,74,47,0,86.6,66,37,0,82,88,61,77,15,75,24,57,80,53,58,75,62,62,54,50,39,32,19,37,38,61,49,15,49,55,65,79,30,37,62,73,71,80,20,76,68,91,18,-1,0,54,73,62,62,83,64,28,70,45,18,0,36,-1,68,55,0,88,59,65,57,0,21,22,68,84,36,-1,29,36
9/17/2018,68,51,32,55,67,39,11,13.8,65,55,56,41,21,52,82,47,40,53,29,78,45,15,83.6,66,30,0,51,90,66,76,15,76,24,61,83,52,59,79,16,72,50,52,33,40,18,38,54,26,53,0,53,53,70,76,30,38,62,64,80,82,22,58,56,87,49,-1,0,56,52,62,55,83,78,34,75,58,14,53,36,-1,70,68,0,92,69,61,63,33,22,22,70,87,43,-1,0,35
9/24/2018,67,43,38,45,73,49,43,41.6,63,65,76,65,21,47,76,42,43,49,29,84,69,15,84.8,65,28,0,42,85,61,77,15,74,23,58,78,52,60,77,31,72,54,54,35,43,19,38,38,78,58,31,61,53,67,80,28,41,62,67,70,89,22,74,66,69,36,-1,0,56,77,64,55,72,62,62,77,63,14,27,18,-1,71,66,0,87,60,57,64,33,25,16,72,86,46,-1,0,41
10/1/2018,72,54,43,49,65,50,65,20,59,78,57,60,30,62,90,40,47,58,49,78,59,0,90.8,65,21,0,64,86,60,80,16,75,24,63,81,53,62,78,31,73,50,59,32,48,18,39,27,52,56,15,70,56,65,83,29,40,56,73,67,81,25,61,67,82,44,-1,0,57,49,69,60,74,61,21,70,49,19,27,18,-1,67,29,0,87,82,64,61,66,24,11,71,88,26,-1,0,41
10/8/2018,76,42,45,59,68,50,33,21.8,65,74,65,49,39,60,85,39,52,53,89,90,50,30,89.4,66,24,0,73,85,57,78,15,73,26,65,81,49,64,77,16,72,49,67,32,34,17,40,55,35,59,31,72,55,66,80,23,42,54,75,62,80,23,80,63,87,14,-1,0,62,70,66,65,69,80,77,69,61,20,82,48,-1,69,28,43,94,71,55,60,0,23,18,73,88,34,-1,30,39
10/15/2018,87,47,34,53,68,42,45,34.4,66,94,56,70,52,65,90,38,58,58,80,80,59,15,82.8,68,25,0,75,83,59,76,16,74,27,74,81,50,68,78,0,72,53,64,39,43,17,42,44,44,64,0,58,57,67,82,29,44,63,58,66,75,27,85,77,80,9,-1,0,64,58,66,57,61,62,42,73,54,19,0,12,-1,67,66,0,91,68,66,60,0,25,26,68,88,54,-1,30,41
10/22/2018,87,45,28,57,69,36,33,23.6,63,78,54,71,60,74,91,37,60,63,49,60,53,15,85,71,27,0,78,83,62,80,16,75,27,96,79,49,66,77,47,83,51,64,37,42,18,44,49,44,68,16,64,60,64,85,28,41,90,79,73,77,26,85,78,81,27,-1,0,61,74,63,56,67,75,14,75,59,19,27,12,-1,75,43,0,96,79,60,62,0,21,17,66,88,27,-1,0,44
10/29/2018,77,42,30,59,69,42,11,32.6,53,76,55,64,56,63,80,35,64,60,30,74,42,30,71.8,66,27,0,78,81,58,80,15,76,29,100,81,48,64,78,32,67,55,58,37,45,18,49,11,53,72,63,75,60,62,82,24,41,51,69,54,74,27,59,58,89,27,-1,0,62,56,65,61,66,71,21,75,58,24,0,30,-1,67,54,44,100,78,65,66,33,29,33,72,87,54,-1,0,48
11/5/2018,79,44,44,55,66,33,11,14.8,60,68,48,64,51,61,92,37,71,68,29,84,45,15,77.6,69,23,0,77,80,60,80,16,77,33,78,78,51,61,76,31,69,61,68,32,51,18,37,21,51,73,15,79,62,65,82,22,47,81,84,70,72,23,83,70,79,26,-1,0,49,73,65,62,72,75,27,71,64,21,26,35,-1,65,56,0,92,84,64,62,0,20,21,80,86,55,-1,28,45
11/12/2018,84,44,48,65,65,44,22,33.6,58,73,42,82,43,57,87,36,75,70,49,77,43,30,73.2,71,27,0,77,82,61,80,16,81,43,72,81,50,61,78,47,76,61,74,40,54,17,38,49,44,88,78,47,64,64,85,29,54,42,86,65,78,26,58,79,91,36,-1,0,50,66,68,64,74,73,42,74,70,28,0,42,-1,68,78,0,93,76,63,64,33,34,26,78,91,57,-1,29,58
11/19/2018,91,41,36,59,66,44,11,10.8,68,87,45,89,73,62,88,40,90,96,20,85,46,45,77.4,79,23,0,90,82,68,79,18,85,100,72,80,51,60,78,31,70,62,84,39,62,17,39,59,43,98,46,71,71,69,91,26,65,65,89,64,64,17,76,84,57,49,-1,0,54,65,76,58,69,76,48,76,67,27,27,18,-1,71,63,43,94,100,65,61,0,23,15,71,82,43,-1,58,76
11/26/2018,94,59,33,64,73,41,11,16.8,65,76,60,95,55,60,87,40,85,85,10,87,47,29,81.6,73,25,0,97,81,64,78,20,79,31,75,85,51,64,81,46,69,61,88,49,67,18,38,48,60,96,15,56,74,69,92,24,68,56,89,63,79,27,90,85,66,40,-1,79,59,40,73,55,82,92,41,78,64,30,53,18,-1,70,49,0,99,75,62,61,0,17,15,80,87,66,-1,0,59
12/3/2018,93,48,39,49,72,56,55,28.6,62,78,53,92,22,60,90,41,80,83,10,77,58,30,80.6,75,22,0,82,85,59,75,16,75,25,68,85,50,59,85,16,61,62,76,40,64,18,38,92,78,94,31,66,71,68,92,21,66,83,83,60,71,23,69,75,69,18,-1,0,49,53,80,56,63,92,42,77,51,40,27,36,-1,67,87,0,91,83,63,69,0,23,23,79,84,70,-1,0,54
12/10/2018,94,40,47,55,68,48,22,22.8,69,81,50,72,48,51,85,42,90,90,40,80,46,30,81.4,74,23,0,48,87,63,77,16,74,25,67,86,50,61,87,16,62,58,74,42,73,17,38,28,35,90,0,49,70,67,88,27,72,49,94,60,70,26,100,80,93,36,-1,0,57,62,81,59,66,79,7,75,51,41,0,30,-1,69,72,0,89,81,60,69,0,19,21,72,89,44,-1,59,57
12/17/2018,77,48,36,34,71,26,11,10.8,60,76,37,72,53,50,70,40,74,82,20,67,37,16,67.4,75,24,0,45,85,60,77,16,74,25,65,84,50,64,97,16,58,56,68,43,63,18,35,45,98,84,16,48,71,60,84,22,65,76,90,64,70,21,82,84,75,50,-1,0,45,50,86,63,65,78,43,73,52,40,55,12,-1,68,80,0,92,65,61,65,0,19,13,66,79,27,-1,0,55
12/24/2018,67,43,32,39,58,41,25,6,53,62,52,76,39,53,73,39,78,76,33,59,39,17,65.2,85,27,0,63,84,65,80,16,77,28,69,87,51,62,90,18,56,73,83,50,64,17,42,31,68,82,0,62,76,64,99,24,55,23,70,66,51,17,71,82,79,30,-1,0,51,48,86,68,60,84,31,74,58,40,0,20,-1,72,77,0,90,82,71,63,37,14,9,73,79,34,-1,0,100
12/31/2018,66,47,39,40,62,42,23,19.4,53,63,43,59,37,63,77,41,66,63,42,72,40,16,63.4,79,31,0,60,86,71,84,17,80,29,67,87,54,61,85,0,62,73,70,31,38,18,40,29,56,72,33,52,68,66,91,21,48,42,76,61,65,18,70,73,77,24,-1,0,45,61,74,63,66,86,22,72,75,28,58,19,-1,71,67,0,94,83,70,68,0,14,12,86,81,57,-1,31,60
1/7/2019,63,53,43,59,67,20,44,18.8,57,68,58,63,35,48,84,39,66,54,30,81,26,15,63.8,76,28,0,35,82,66,80,16,77,25,60,79,52,60,83,32,70,58,63,35,41,18,36,38,0,64,31,53,63,68,80,21,45,48,91,68,80,21,53,68,93,54,-1,0,54,55,65,58,78,69,0,78,71,23,0,18,-1,73,76,43,94,91,64,67,0,21,7,85,87,27,-1,0,51
1/14/2019,66,51,36,67,68,42,66,15.6,63,72,57,81,34,44,84,41,68,54,39,85,54,15,66.6,72,28,0,52,87,59,81,16,75,24,59,85,50,63,78,16,65,59,61,36,45,18,41,11,9,64,31,66,60,69,80,41,43,50,80,64,82,23,67,81,88,22,-1,79,51,62,62,62,74,72,14,74,65,19,0,53,-1,75,82,43,91,64,66,66,65,27,24,89,90,43,-1,0,47
1/21/2019,68,39,39,43,66,40,42,22.6,57,58,61,59,37,43,88,41,58,57,48,91,49,0,72,72,30,0,46,84,69,79,16,76,23,59,80,50,60,87,15,72,69,59,32,34,18,46,32,34,64,0,51,59,65,81,23,45,38,81,76,80,24,63,65,79,35,-1,0,52,60,67,60,80,69,41,73,60,17,0,18,-1,76,93,42,94,87,64,78,0,22,23,79,92,49,-1,0,48
1/28/2019,66,45,26,48,68,46,43,10,63,59,59,59,37,53,81,42,67,52,38,83,42,0,70,73,28,0,46,84,59,75,16,81,25,58,78,51,57,80,45,71,61,59,33,33,18,86,58,34,62,30,51,70,67,79,26,41,40,68,66,81,19,60,68,67,26,-1,0,65,43,66,62,82,75,34,74,63,18,26,17,-1,75,98,0,87,75,56,71,0,21,19,77,89,51,-1,0,50
2/4/2019,62,44,25,51,70,35,43,35.6,69,64,71,60,17,46,81,45,52,51,48,91,45,15,71.4,72,36,0,30,86,60,78,16,84,25,58,82,52,53,83,15,74,54,51,34,34,18,69,47,25,56,45,59,91,67,80,27,43,37,80,75,78,26,69,88,100,43,-1,0,66,63,65,60,78,66,40,74,62,15,26,35,-1,70,64,42,90,61,61,70,0,21,16,80,91,64,-1,0,41
2/11/2019,61,41,42,51,66,40,21,22.6,64,60,68,54,33,49,79,44,45,46,38,76,44,15,70.4,68,34,0,37,88,61,76,15,84,26,61,78,49,57,85,0,74,56,48,39,31,19,48,79,34,53,0,59,76,67,77,31,46,46,71,68,78,24,57,97,60,26,-1,0,56,63,69,61,71,72,34,72,57,18,0,23,-1,72,77,0,87,70,57,69,0,23,12,73,88,77,-1,0,40
2/18/2019,62,52,42,52,66,21,21,33.6,64,49,60,46,37,46,78,47,38,50,19,83,53,14,71,72,40,0,58,87,58,76,16,80,25,57,79,49,57,79,30,66,49,50,34,29,18,41,31,42,52,0,69,64,68,80,36,45,43,71,63,82,24,55,87,81,35,-1,0,56,55,98,62,77,71,13,76,56,15,0,35,-1,74,89,0,87,65,63,68,0,25,19,78,88,35,-1,0,37
2/25/2019,60,46,38,44,67,51,53,24.6,76,51,77,41,17,43,80,48,36,50,47,79,48,29,75.6,71,40,0,66,86,54,78,15,100,24,60,76,49,56,84,30,70,55,52,35,31,17,39,26,42,49,0,54,55,64,82,27,43,57,73,68,77,22,60,81,80,21,-1,0,60,62,70,52,79,66,33,75,67,19,0,29,-1,72,62,0,85,53,59,68,32,27,14,74,91,19,-1,0,33
3/4/2019,61,52,37,48,65,52,43,51.4,69,46,60,39,42,49,79,50,39,53,39,84,49,15,77,75,44,0,42,87,64,77,15,83,23,56,78,51,61,87,31,72,58,55,35,31,19,48,16,60,49,30,62,53,67,83,32,44,50,71,73,79,22,63,84,86,18,-1,0,62,64,84,59,74,75,48,74,80,17,0,24,-1,80,47,42,87,52,59,74,0,17,23,77,95,29,-1,0,39
3/11/2019,63,56,44,48,68,44,65,17.8,73,52,76,44,30,46,77,50,31,51,48,76,52,0,79.6,78,48,0,34,86,63,78,15,81,23,58,81,49,57,87,61,70,55,49,35,39,22,39,16,26,45,61,55,51,68,78,31,41,49,66,70,76,22,69,67,80,9,-1,0,66,76,71,59,81,76,34,73,98,16,53,18,-1,77,51,0,87,50,58,68,0,21,15,75,92,55,-1,29,42
3/18/2019,60,46,40,66,69,31,22,26.6,69,50,60,40,22,47,75,55,33,51,40,77,57,0,80.4,73,47,0,39,92,56,79,16,81,24,54,80,50,59,87,46,72,53,44,29,46,20,42,59,52,43,31,70,50,68,85,35,44,100,65,64,74,24,79,75,96,18,-1,79,63,52,69,59,74,62,34,75,100,21,0,24,-1,80,62,0,88,61,66,65,0,23,19,73,92,49,-1,0,37
3/25/2019,56,57,52,53,68,52,32,14.8,73,53,77,33,42,53,74,57,26,50,58,88,64,29,79,73,44,0,55,91,57,83,16,77,23,56,82,51,61,90,62,75,53,44,37,32,19,38,32,52,43,31,81,49,69,88,39,40,94,63,63,77,21,61,100,71,18,-1,0,56,64,69,63,74,63,28,74,74,20,53,18,-1,81,71,0,88,48,60,60,33,20,26,71,92,46,-1,0,34
4/1/2019,60,53,40,60,67,66,11,19.8,73,58,71,43,26,42,81,59,30,55,39,81,65,0,89,78,50,0,73,90,56,82,16,76,23,57,80,50,59,87,62,75,44,48,32,37,19,38,54,69,40,15,75,48,66,86,36,39,56,71,60,76,24,62,87,81,22,-1,0,54,56,67,61,75,56,28,73,86,21,0,48,-1,83,73,0,90,50,54,68,33,20,18,68,91,46,-1,0,32
4/8/2019,55,50,51,68,67,68,32,29.8,78,56,64,59,21,70,83,63,26,51,87,88,44,30,89.6,76,60,0,68,92,57,81,16,76,29,57,80,50,60,88,31,71,43,41,31,34,19,40,54,9,41,0,77,47,65,82,35,42,59,76,61,74,23,71,73,73,35,-1,0,66,68,63,61,79,64,27,76,91,17,0,12,-1,90,67,42,90,43,57,71,0,21,18,75,92,26,-1,29,31
4/15/2019,55,65,28,71,70,69,0,17,73,55,53,48,35,55,77,69,24,47,51,79,51,15,94,85,60,0,75,98,56,81,16,77,25,58,85,52,64,90,33,69,49,45,38,44,19,38,28,54,40,16,82,47,66,86,39,41,65,63,58,69,24,44,85,89,28,-1,0,59,72,66,57,84,67,22,72,90,20,0,31,-1,88,54,0,87,50,59,63,34,19,14,72,88,52,-1,0,31
4/22/2019,52,64,33,60,67,81,33,37.6,80,50,65,34,13,51,74,72,24,46,20,78,57,0,89.2,80,69,0,52,93,58,84,15,76,24,58,79,50,57,85,16,67,54,47,32,32,19,37,61,35,38,0,88,51,63,86,32,41,67,61,64,68,21,57,72,83,23,-1,0,70,45,66,64,81,64,7,76,75,20,0,36,-1,92,51,44,87,44,65,64,34,17,13,70,89,27,-1,30,31
4/29/2019,57,63,42,64,65,61,22,19.8,85,61,71,27,21,47,79,68,24,46,29,83,65,15,80.8,84,67,0,51,94,58,82,15,77,25,58,84,50,58,88,47,69,48,38,35,40,19,41,43,35,39,15,74,50,69,88,39,43,65,55,58,77,18,62,79,89,4,-1,0,60,59,68,61,82,61,7,75,79,21,0,24,-1,95,50,43,87,52,60,63,0,21,20,70,90,63,-1,0,31
5/6/2019,53,61,37,69,74,38,65,25.8,73,62,70,29,17,40,77,65,27,45,39,84,62,0,88,75,57,82,55,90,58,81,16,76,23,57,80,48,60,86,62,80,53,41,33,43,19,45,37,51,40,46,78,49,65,83,37,41,82,67,61,74,27,61,76,78,26,-1,0,64,54,68,61,88,60,41,73,75,24,26,59,-1,88,51,0,85,43,64,61,0,22,28,70,87,42,-1,0,30
5/13/2019,50,59,28,59,67,47,11,43.4,71,54,55,27,17,43,73,69,23,45,39,77,59,15,91.2,80,57,0,39,91,54,76,15,75,24,58,80,50,54,87,16,73,50,38,45,40,19,43,59,43,42,0,66,47,63,86,36,44,44,64,66,76,21,63,84,88,31,-1,79,65,57,65,62,80,74,35,74,79,23,0,24,-1,91,72,43,86,49,59,63,0,21,16,66,89,46,-1,0,29
5/20/2019,51,78,32,79,62,84,11,22.6,88,58,67,45,17,43,74,78,24,45,58,75,68,0,94.6,83,67,0,34,92,56,79,15,76,23,56,81,49,54,88,46,68,56,35,42,34,19,39,32,26,40,46,70,45,63,85,44,43,79,72,64,74,22,61,78,80,18,-1,0,65,48,63,60,83,59,27,76,87,21,0,41,-1,98,56,42,85,52,63,65,0,18,24,68,87,56,-1,0,28
5/27/2019,53,69,36,61,63,69,11,16.8,76,52,69,26,34,39,77,78,24,49,39,91,55,30,97.2,81,70,0,38,95,56,79,15,79,23,57,82,48,52,86,46,73,51,38,34,44,19,37,42,34,38,0,98,47,63,90,31,44,52,65,57,72,21,48,83,79,17,-1,0,67,69,65,60,89,57,34,76,88,22,26,23,-1,94,54,0,89,49,62,64,0,17,23,70,84,26,-1,0,30
6/3/2019,53,64,41,73,64,70,53,21.8,85,61,59,38,17,54,71,85,22,46,10,78,81,15,93,79,64,0,38,96,56,81,15,78,24,57,81,50,54,94,31,73,46,35,30,51,19,35,37,43,39,15,98,46,63,88,34,43,70,78,66,72,15,61,66,77,17,-1,0,67,58,64,58,85,60,20,71,79,19,79,18,-1,100,78,0,87,44,71,62,0,19,20,66,86,32,-1,29,28
6/10/2019,51,61,43,79,69,75,42,28.6,89,52,49,36,8,44,61,81,24,43,57,80,68,14,86,78,67,0,79,92,55,80,14,75,24,56,78,47,51,94,60,64,52,34,29,38,19,39,52,42,37,30,84,46,62,85,36,46,63,61,62,75,22,54,70,66,13,-1,0,69,51,66,59,87,60,47,71,83,22,26,23,-1,91,58,0,85,44,64,61,0,25,22,66,86,38,-1,28,27
6/17/2019,54,69,42,59,67,78,22,31.4,89,56,48,32,21,51,69,84,27,48,79,68,52,30,90.8,86,67,0,43,92,56,80,14,74,24,57,83,49,54,95,16,66,50,35,34,50,20,36,38,52,37,15,100,55,65,90,33,45,62,60,62,77,18,57,62,66,35,-1,0,71,64,65,60,79,61,48,77,98,20,0,59,-1,94,44,0,90,52,61,61,33,26,12,70,87,49,-1,0,28
6/24/2019,49,77,36,77,61,65,54,61.4,96,43,41,27,25,52,69,92,20,37,29,72,77,15,89.2,83,63,0,25,95,59,82,15,76,24,56,84,49,50,90,46,68,44,37,33,45,20,37,42,43,37,0,100,50,61,83,36,46,58,68,56,77,18,48,54,77,26,-1,0,67,62,60,54,76,62,27,75,94,19,0,70,-1,96,60,0,91,40,60,60,0,23,17,67,87,42,-1,0,27
7/1/2019,46,71,31,69,64,52,22,44.6,83,49,59,26,21,44,63,90,17,37,48,74,84,15,84.8,91,57,0,30,95,62,80,14,76,24,58,86,49,50,89,16,70,53,39,35,46,20,38,65,52,36,31,94,50,59,87,27,44,21,67,56,71,17,50,70,73,13,-1,0,65,53,64,57,82,62,21,76,86,23,0,36,-1,98,48,0,92,56,59,59,33,21,25,63,85,60,-1,58,27
7/8/2019,53,68,35,100,68,68,22,35.6,100,50,59,15,30,41,67,82,21,40,39,79,64,15,84.6,92,62,0,64,98,68,79,14,75,24,56,83,50,58,96,0,60,50,41,33,37,20,38,75,52,38,31,83,48,61,87,27,50,59,65,55,80,15,51,66,81,27,-1,0,69,71,65,61,93,70,41,79,92,21,53,24,-1,98,70,0,91,49,63,83,0,27,22,69,93,43,-1,29,29
7/15/2019,54,75,34,72,66,50,55,49.4,86,42,52,25,4,49,62,86,22,40,30,77,47,0,89.8,84,52,0,30,96,65,79,15,77,24,55,82,48,57,100,94,66,50,45,29,50,19,39,49,52,37,15,95,48,64,86,28,46,92,64,50,76,19,67,73,60,22,-1,0,72,55,62,60,97,60,62,73,94,18,0,54,-1,93,42,0,91,51,63,75,0,17,20,69,88,33,-1,0,29
7/22/2019,52,76,34,63,65,48,11,58.2,89,40,48,28,35,42,68,90,23,39,20,79,73,15,89.6,77,56,0,61,98,69,83,14,77,25,57,84,53,54,100,64,66,56,42,29,41,19,39,55,27,38,32,84,48,62,86,31,47,82,59,62,75,20,57,64,87,23,-1,0,78,58,65,59,95,56,21,68,85,22,27,43,-1,99,58,0,92,49,59,63,0,19,24,68,85,30,-1,30,28
7/29/2019,53,62,33,61,65,53,22,19.8,83,42,58,33,26,64,69,79,24,42,60,82,60,30,88.6,81,52,0,35,94,72,81,16,77,25,59,86,57,58,96,32,66,59,41,32,44,19,40,22,70,37,47,79,50,66,85,50,45,72,62,56,72,20,48,76,73,22,-1,0,56,63,65,58,97,77,49,70,88,17,27,60,-1,99,48,0,91,47,62,67,33,20,14,72,84,53,-1,59,30
8/5/2019,56,56,30,67,63,57,67,23.6,80,55,49,28,40,63,72,77,23,46,30,82,62,46,88.8,77,38,0,48,93,73,83,15,80,25,57,88,54,53,95,16,74,59,43,33,50,19,40,49,35,39,16,81,49,65,86,29,48,45,60,66,71,21,61,70,69,54,-1,80,71,61,65,56,100,63,21,66,82,17,27,6,-1,91,83,0,90,52,65,69,0,23,16,70,83,37,-1,0,29
8/12/2019,61,60,32,62,69,47,66,46.4,77,52,48,32,47,49,74,69,29,52,69,85,62,0,87.4,76,37,0,64,99,70,83,15,81,26,58,90,52,54,91,31,68,53,47,33,43,20,41,49,52,41,0,76,51,63,81,32,49,92,60,63,74,18,63,76,67,27,-1,0,71,69,66,53,97,61,14,75,82,21,27,36,-1,85,57,43,90,55,100,70,0,22,25,71,87,33,-1,29,33
8/19/2019,61,54,34,61,65,46,32,34.8,74,67,54,51,21,45,72,63,32,43,38,77,46,15,83.8,74,44,0,63,95,66,82,15,81,24,58,86,50,57,93,0,64,51,51,37,46,20,40,43,26,43,15,69,54,61,82,29,48,73,60,58,82,20,64,70,81,31,-1,0,60,62,64,57,94,65,21,76,85,24,53,18,-1,86,66,0,93,55,68,66,0,23,27,72,90,46,-1,0,32
8/26/2019,60,63,27,61,67,64,31,23,68,71,44,33,12,51,72,63,32,45,9,68,59,0,82.4,70,45,0,58,90,62,79,15,80,24,56,80,49,58,85,0,65,45,48,36,60,21,36,31,59,41,15,78,51,61,85,32,45,66,67,66,80,21,59,77,65,47,-1,0,65,55,66,54,87,70,13,100,87,72,0,29,-1,88,66,0,91,51,61,68,0,24,20,71,89,48,-1,0,33
9/2/2019,68,52,34,50,69,48,21,42.6,69,78,53,39,25,47,78,58,38,53,38,77,56,0,80.2,77,38,0,79,90,96,76,15,79,23,55,80,49,55,83,30,68,58,58,30,39,19,37,77,33,44,0,72,52,59,80,26,47,67,76,72,77,22,85,67,74,29,-1,0,62,52,70,57,94,67,20,96,75,100,25,34,-1,78,71,0,92,64,52,67,0,21,23,80,87,41,-1,0,34
9/9/2019,66,54,34,75,72,49,20,13.8,74,72,49,51,24,49,82,52,44,53,18,76,41,14,87.6,70,36,0,64,92,97,76,15,80,24,54,78,49,57,86,60,76,51,60,34,47,18,36,46,17,49,44,65,51,61,84,31,47,54,73,71,83,22,62,85,78,34,-1,0,69,48,66,57,85,78,33,76,85,53,26,34,-1,78,61,81,91,66,55,63,31,18,27,70,92,19,-1,0,36
9/16/2019,71,52,38,52,71,44,41,26.6,72,84,63,64,20,45,82,52,41,49,37,74,57,0,91.2,70,38,0,44,89,91,78,15,89,23,56,80,50,58,83,0,80,55,55,41,42,19,37,46,57,48,14,61,51,62,85,29,44,78,65,70,80,22,76,81,75,25,-1,74,66,53,66,57,84,70,19,73,90,56,25,56,-1,76,67,40,92,66,59,59,31,20,19,77,92,43,-1,0,42
9/23/2019,69,44,39,74,69,33,20,16.4,62,69,53,54,16,51,84,46,45,56,36,80,59,0,91.2,71,33,0,72,89,76,77,15,85,24,56,79,50,59,82,44,78,53,61,37,44,19,40,25,16,51,14,75,51,62,84,25,42,81,69,91,78,25,70,71,74,42,-1,74,57,67,69,62,79,67,6,72,83,60,0,39,-1,85,67,0,92,81,57,65,0,19,12,74,92,40,-1,0,58
9/30/2019,80,52,30,56,71,51,51,36.8,72,88,47,46,44,50,89,47,57,62,64,83,51,14,91.6,70,37,0,80,87,64,75,15,78,24,57,78,49,61,86,73,79,59,69,33,53,18,37,50,32,56,0,70,52,62,88,24,44,72,77,71,74,28,78,73,91,17,-1,0,61,38,72,55,75,82,32,76,62,47,0,22,-1,78,75,40,94,78,52,63,0,17,20,79,89,43,-1,27,65
10/7/2019,84,50,39,51,70,69,20,43.8,70,95,33,72,28,59,93,44,60,61,55,81,41,14,88,68,30,0,80,87,65,77,15,83,25,55,79,49,61,84,15,81,56,69,37,44,18,38,40,41,59,43,70,52,62,85,24,46,75,71,69,74,24,78,77,84,25,-1,0,62,51,68,62,81,66,71,75,79,45,0,11,-1,75,100,40,92,77,61,61,31,20,20,77,89,43,-1,27,56
10/14/2019,88,47,53,89,73,64,20,17.6,78,89,49,71,47,54,97,40,64,61,27,87,51,0,79.8,70,27,0,75,87,67,78,15,80,25,54,83,49,59,85,15,75,65,76,36,63,21,38,30,40,60,14,63,54,61,85,29,47,72,82,63,77,22,86,63,72,33,-1,0,62,68,66,62,83,76,39,73,73,36,25,17,-1,71,62,0,92,63,59,59,0,21,27,81,90,52,-1,54,48
10/21/2019,93,47,38,64,67,43,10,33,76,80,48,75,47,58,96,42,69,70,54,77,48,0,85.6,67,25,0,51,90,64,78,15,81,26,58,81,49,61,81,14,84,53,86,36,66,19,46,55,32,61,28,53,54,64,85,27,49,74,64,68,75,23,78,68,80,37,-1,0,66,60,70,64,79,60,70,75,76,42,0,22,-1,73,90,0,96,85,62,59,0,17,30,84,90,49,-1,0,51
10/28/2019,84,50,39,47,67,49,20,27.4,66,91,51,68,44,48,86,39,73,67,64,87,55,0,78.4,71,26,0,48,82,62,79,15,78,27,54,78,48,64,80,29,84,60,82,32,54,19,51,50,24,66,0,75,55,62,83,24,47,69,78,65,71,26,61,68,69,37,-1,0,58,64,66,62,77,66,52,73,75,50,0,6,-1,71,72,40,91,64,70,66,0,25,23,81,88,43,-1,0,52
11/4/2019,87,52,33,61,69,33,50,43.8,74,80,65,86,66,47,84,39,84,74,18,89,44,0,78.6,70,33,0,47,85,62,78,15,80,30,59,82,49,57,82,14,70,52,81,49,48,19,40,34,63,75,14,67,59,62,85,25,53,67,77,75,72,25,75,73,77,49,-1,0,54,81,71,58,72,65,50,75,67,39,0,22,-1,74,65,0,90,86,63,64,0,22,27,77,93,36,-1,0,53
11/11/2019,92,49,28,54,71,40,0,30.8,71,76,66,92,51,57,94,43,98,80,27,93,39,27,79,74,25,0,59,80,62,78,15,79,35,56,81,47,61,85,28,69,64,92,52,66,17,41,39,71,83,14,69,63,62,87,31,60,65,74,64,76,24,74,79,77,20,-1,0,66,70,71,59,90,72,63,74,72,40,24,33,-1,74,85,39,93,92,61,63,0,19,26,83,91,48,-1,26,66
11/18/2019,91,53,37,66,72,66,30,10.8,67,79,40,73,59,67,94,39,89,84,63,86,47,0,79.8,75,23,0,75,86,66,79,17,80,47,57,82,48,57,81,43,70,60,89,43,77,18,41,50,24,81,14,62,64,63,88,35,71,71,84,60,77,25,83,63,84,41,-1,0,64,48,76,56,89,87,64,76,68,38,0,27,-1,80,63,0,94,82,57,63,0,19,19,86,92,49,-1,27,60
11/25/2019,94,45,35,56,67,35,50,25,63,83,46,83,51,78,91,44,92,100,45,79,45,14,81.8,81,22,0,47,84,69,80,19,91,98,58,86,50,59,84,100,73,63,93,51,78,18,37,54,32,86,0,72,69,65,93,25,89,95,88,63,65,18,83,93,66,41,-1,0,48,56,86,54,77,91,25,75,87,49,49,27,-1,79,84,0,98,84,57,63,0,22,25,78,83,30,-1,80,61
12/2/2019,100,47,28,73,71,59,20,9.4,72,86,43,68,44,61,94,45,100,93,73,89,40,41,78.8,78,24,0,52,83,62,79,16,75,33,59,85,50,68,92,29,75,65,100,43,100,18,38,25,24,89,14,63,69,65,94,25,100,72,96,62,72,25,83,100,83,33,-1,0,76,69,87,53,74,77,32,80,84,42,25,6,-1,75,70,0,95,93,56,66,31,21,15,87,100,34,-1,0,61
12/9/2019,93,47,40,49,72,47,31,10.8,75,87,43,64,100,52,83,45,90,89,37,76,46,42,81.2,75,26,0,40,81,62,80,15,77,25,60,93,48,58,91,29,74,61,88,43,94,17,37,41,33,82,29,71,66,60,95,25,87,92,84,64,72,21,77,79,68,50,-1,74,54,59,88,59,71,87,32,73,62,54,50,22,-1,69,99,40,93,62,57,83,0,18,19,79,86,22,-1,27,59
12/16/2019,88,43,37,52,74,52,62,9.8,62,82,48,74,36,60,77,46,87,90,28,70,49,56,75,75,29,0,65,87,62,80,15,77,24,58,92,50,59,99,29,64,56,83,48,87,18,35,61,81,80,29,63,67,56,83,22,86,92,83,62,68,18,92,79,66,100,-1,0,48,81,94,59,69,79,58,72,53,66,0,17,-1,67,98,80,90,72,54,69,0,24,28,73,85,25,-1,0,63
